,Time,Sample,#,Type,Sub,Chan,Num,Aux
0,0:00.252,63,N,0,0,0,,
1,0:00.808,202,N,0,0,0,,
2,0:01.360,340,N,0,0,0,,
3,0:01.920,480,N,0,0,0,,
4,0:02.460,615,N,0,0,0,,
5,0:03.016,754,N,0,0,0,,
6,0:03.572,893,N,0,0,0,,
7,0:04.124,1031,N,0,0,0,,
8,0:04.680,1170,N,0,0,0,,
9,0:05.232,1308,N,0,0,0,,
10,0:05.792,1448,N,0,0,0,,
11,0:06.344,1586,N,0,0,0,,
12,0:06.900,1725,N,0,0,0,,
13,0:07.452,1863,N,0,0,0,,
14,0:08.000,2000,N,0,0,0,,
15,0:08.560,2140,N,0,0,0,,
16,0:09.112,2278,N,0,0,0,,
17,0:09.660,2415,N,0,0,0,,
18,0:10.216,2554,N,0,0,0,,
19,0:10.768,2692,N,0,0,0,,
20,0:11.324,2831,N,0,0,0,,
21,0:11.872,2968,N,0,0,0,,
22,0:12.424,3106,N,0,0,0,,
23,0:12.980,3245,N,0,0,0,,
24,0:13.532,3383,N,0,0,0,,
25,0:14.080,3520,N,0,0,0,,
26,0:14.632,3658,N,0,0,0,,
27,0:15.180,3795,N,0,0,0,,
28,0:15.732,3933,N,0,0,0,,
29,0:16.280,4070,N,0,0,0,,
30,0:16.816,4204,N,0,0,0,,
31,0:17.368,4342,N,0,0,0,,
32,0:17.916,4479,N,0,0,0,,
33,0:18.456,4614,N,0,0,0,,
34,0:19.004,4751,N,0,0,0,,
35,0:19.544,4886,N,0,0,0,,
36,0:20.088,5022,N,0,0,0,,
37,0:20.636,5159,N,0,0,0,,
38,0:21.180,5295,N,0,0,0,,
39,0:21.716,5429,N,0,0,0,,
40,0:22.256,5564,N,0,0,0,,
41,0:22.800,5700,N,0,0,0,,
42,0:23.344,5836,N,0,0,0,,
43,0:23.880,5970,N,0,0,0,,
44,0:24.420,6105,N,0,0,0,,
45,0:24.956,6239,N,0,0,0,,
46,0:25.492,6373,N,0,0,0,,
47,0:26.036,6509,N,0,0,0,,
48,0:26.568,6642,N,0,0,0,,
49,0:27.112,6778,N,0,0,0,,
50,0:27.644,6911,N,0,0,0,,
51,0:28.180,7045,N,0,0,0,,
52,0:28.732,7183,N,0,0,0,,
53,0:29.276,7319,N,0,0,0,,
54,0:29.808,7452,N,0,0,0,,
55,0:30.356,7589,N,0,0,0,,
56,0:30.900,7725,N,0,0,0,,
57,0:31.444,7861,N,0,0,0,,
58,0:31.980,7995,N,0,0,0,,
59,0:32.524,8131,N,0,0,0,,
60,0:33.052,8263,N,0,0,0,,
61,0:33.596,8399,N,0,0,0,,
62,0:34.136,8534,N,0,0,0,,
63,0:34.680,8670,N,0,0,0,,
64,0:35.220,8805,N,0,0,0,,
65,0:35.760,8940,N,0,0,0,,
66,0:36.304,9076,N,0,0,0,,
67,0:36.844,9211,N,0,0,0,,
68,0:37.376,9344,N,0,0,0,,
69,0:37.924,9481,N,0,0,0,,
70,0:38.464,9616,N,0,0,0,,
71,0:39.000,9750,N,0,0,0,,
72,0:39.544,9886,N,0,0,0,,
73,0:40.092,10023,N,0,0,0,,
74,0:40.636,10159,N,0,0,0,,
75,0:41.172,10293,N,0,0,0,,
76,0:41.712,10428,N,0,0,0,,
77,0:42.256,10564,N,0,0,0,,
78,0:42.800,10700,N,0,0,0,,
79,0:43.344,10836,N,0,0,0,,
80,0:43.872,10968,N,0,0,0,,
81,0:44.420,11105,N,0,0,0,,
82,0:44.960,11240,N,0,0,0,,
83,0:45.492,11373,N,0,0,0,,
84,0:46.024,11506,N,0,0,0,,
85,0:46.568,11642,N,0,0,0,,
86,0:47.112,11778,N,0,0,0,,
87,0:47.648,11912,N,0,0,0,,
88,0:48.180,12045,N,0,0,0,,
89,0:48.716,12179,N,0,0,0,,
90,0:49.260,12315,N,0,0,0,,
91,0:49.796,12449,N,0,0,0,,
92,0:50.324,12581,N,0,0,0,,
93,0:50.860,12715,N,0,0,0,,
94,0:51.400,12850,N,0,0,0,,
95,0:51.936,12984,N,0,0,0,,
96,0:52.464,13116,N,0,0,0,,
97,0:52.988,13247,N,0,0,0,,
98,0:53.524,13381,N,0,0,0,,
99,0:54.052,13513,N,0,0,0,,
100,0:54.584,13646,N,0,0,0,,
101,0:55.100,13775,N,0,0,0,,
102,0:55.636,13909,N,0,0,0,,
103,0:56.160,14040,N,0,0,0,,
104,0:56.684,14171,N,0,0,0,,
105,0:57.204,14301,N,0,0,0,,
106,0:57.732,14433,N,0,0,0,,
107,0:58.256,14564,N,0,0,0,,
108,0:58.780,14695,N,0,0,0,,
109,0:59.308,14827,N,0,0,0,,
110,0:59.832,14958,N,0,0,0,,
111,1:00.344,15086,N,0,0,0,,
112,1:00.872,15218,N,0,0,0,,
113,1:01.400,15350,N,0,0,0,,
114,1:01.916,15479,N,0,0,0,,
115,1:02.444,15611,N,0,0,0,,
116,1:02.956,15739,N,0,0,0,,
117,1:03.484,15871,N,0,0,0,,
118,1:03.992,15998,N,0,0,0,,
119,1:04.520,16130,N,0,0,0,,
120,1:05.040,16260,N,0,0,0,,
121,1:05.552,16388,N,0,0,0,,
122,1:06.072,16518,N,0,0,0,,
123,1:06.596,16649,N,0,0,0,,
124,1:07.116,16779,N,0,0,0,,
125,1:07.632,16908,N,0,0,0,,
126,1:08.160,17040,N,0,0,0,,
127,1:08.684,17171,N,0,0,0,,
128,1:09.200,17300,N,0,0,0,,
129,1:09.728,17432,N,0,0,0,,
130,1:10.252,17563,N,0,0,0,,
131,1:10.780,17695,N,0,0,0,,
132,1:11.296,17824,N,0,0,0,,
133,1:11.820,17955,N,0,0,0,,
134,1:12.352,18088,N,0,0,0,,
135,1:12.872,18218,N,0,0,0,,
136,1:13.388,18347,N,0,0,0,,
137,1:13.912,18478,N,0,0,0,,
138,1:14.428,18607,N,0,0,0,,
139,1:14.948,18737,N,0,0,0,,
140,1:15.472,18868,N,0,0,0,,
141,1:15.988,18997,N,0,0,0,,
142,1:16.516,19129,N,0,0,0,,
143,1:17.044,19261,N,0,0,0,,
144,1:17.560,19390,N,0,0,0,,
145,1:18.080,19520,N,0,0,0,,
146,1:18.608,19652,N,0,0,0,,
147,1:19.124,19781,N,0,0,0,,
148,1:19.644,19911,N,0,0,0,,
149,1:20.164,20041,N,0,0,0,,
150,1:20.688,20172,N,0,0,0,,
151,1:21.208,20302,N,0,0,0,,
152,1:21.720,20430,N,0,0,0,,
153,1:22.244,20561,N,0,0,0,,
154,1:22.776,20694,N,0,0,0,,
155,1:23.296,20824,N,0,0,0,,
156,1:23.800,20950,N,0,0,0,,
157,1:24.332,21083,N,0,0,0,,
158,1:24.860,21215,N,0,0,0,,
159,1:25.380,21345,N,0,0,0,,
160,1:25.892,21473,N,0,0,0,,
161,1:26.416,21604,N,0,0,0,,
162,1:26.940,21735,N,0,0,0,,
163,1:27.460,21865,N,0,0,0,,
164,1:27.980,21995,N,0,0,0,,
165,1:28.488,22122,N,0,0,0,,
166,1:29.008,22252,N,0,0,0,,
167,1:29.540,22385,N,0,0,0,,
168,1:30.060,22515,N,0,0,0,,
169,1:30.568,22642,N,0,0,0,,
170,1:31.092,22773,N,0,0,0,,
171,1:31.616,22904,N,0,0,0,,
172,1:32.132,23033,N,0,0,0,,
173,1:32.656,23164,N,0,0,0,,
174,1:33.164,23291,N,0,0,0,,
175,1:33.688,23422,N,0,0,0,,
176,1:34.212,23553,N,0,0,0,,
177,1:34.732,23683,N,0,0,0,,
178,1:35.236,23809,N,0,0,0,,
179,1:35.756,23939,N,0,0,0,,
180,1:36.276,24069,N,0,0,0,,
181,1:36.800,24200,N,0,0,0,,
182,1:37.312,24328,N,0,0,0,,
183,1:37.820,24455,N,0,0,0,,
184,1:38.348,24587,N,0,0,0,,
185,1:38.868,24717,N,0,0,0,,
186,1:39.384,24846,N,0,0,0,,
187,1:39.908,24977,N,0,0,0,,
188,1:40.408,25102,N,0,0,0,,
189,1:40.932,25233,N,0,0,0,,
190,1:41.452,25363,N,0,0,0,,
191,1:41.960,25490,N,0,0,0,,
192,1:42.484,25621,N,0,0,0,,
193,1:43.000,25750,N,0,0,0,,
194,1:43.516,25879,N,0,0,0,,
195,1:44.012,26003,N,0,0,0,,
196,1:44.532,26133,N,0,0,0,,
197,1:45.052,26263,N,0,0,0,,
198,1:45.568,26392,N,0,0,0,,
199,1:46.088,26522,N,0,0,0,,
200,1:46.612,26653,N,0,0,0,,
201,1:47.132,26783,N,0,0,0,,
202,1:47.652,26913,N,0,0,0,,
203,1:48.180,27045,N,0,0,0,,
204,1:48.704,27176,N,0,0,0,,
205,1:49.208,27302,N,0,0,0,,
206,1:49.732,27433,N,0,0,0,,
207,1:50.260,27565,N,0,0,0,,
208,1:50.780,27695,N,0,0,0,,
209,1:51.300,27825,N,0,0,0,,
210,1:51.812,27953,N,0,0,0,,
211,1:52.336,28084,N,0,0,0,,
212,1:52.852,28213,N,0,0,0,,
213,1:53.364,28341,N,0,0,0,,
214,1:53.880,28470,N,0,0,0,,
215,1:54.408,28602,N,0,0,0,,
216,1:54.924,28731,N,0,0,0,,
217,1:55.428,28857,N,0,0,0,,
218,1:55.944,28986,N,0,0,0,,
219,1:56.472,29118,N,0,0,0,,
220,1:56.980,29245,N,0,0,0,,
221,1:57.488,29372,N,0,0,0,,
222,1:58.008,29502,N,0,0,0,,
223,1:58.528,29632,N,0,0,0,,
224,1:59.040,29760,N,0,0,0,,
225,1:59.548,29887,N,0,0,0,,
226,2:00.064,30016,N,0,0,0,,
227,2:00.572,30143,N,0,0,0,,
228,2:01.088,30272,N,0,0,0,,
229,2:01.596,30399,N,0,0,0,,
230,2:02.108,30527,N,0,0,0,,
231,2:02.624,30656,N,0,0,0,,
232,2:03.136,30784,N,0,0,0,,
233,2:03.636,30909,N,0,0,0,,
234,2:04.140,31035,N,0,0,0,,
235,2:04.660,31165,N,0,0,0,,
236,2:05.172,31293,N,0,0,0,,
237,2:05.688,31422,N,0,0,0,,
238,2:06.184,31546,N,0,0,0,,
239,2:06.700,31675,N,0,0,0,,
240,2:07.204,31801,N,0,0,0,,
241,2:07.708,31927,N,0,0,0,,
242,2:08.204,32051,N,0,0,0,,
243,2:08.724,32181,N,0,0,0,,
244,2:09.224,32306,N,0,0,0,,
245,2:09.720,32430,N,0,0,0,,
246,2:10.216,32554,N,0,0,0,,
247,2:10.724,32681,N,0,0,0,,
248,2:11.216,32804,N,0,0,0,,
249,2:11.728,32932,N,0,0,0,,
250,2:12.228,33057,N,0,0,0,,
251,2:12.736,33184,N,0,0,0,,
252,2:13.236,33309,N,0,0,0,,
253,2:13.744,33436,N,0,0,0,,
254,2:14.244,33561,N,0,0,0,,
255,2:14.752,33688,N,0,0,0,,
256,2:15.248,33812,N,0,0,0,,
257,2:15.760,33940,N,0,0,0,,
258,2:16.272,34068,N,0,0,0,,
259,2:16.780,34195,N,0,0,0,,
260,2:17.276,34319,N,0,0,0,,
261,2:17.788,34447,N,0,0,0,,
262,2:18.300,34575,N,0,0,0,,
263,2:18.812,34703,N,0,0,0,,
264,2:19.304,34826,N,0,0,0,,
265,2:19.808,34952,N,0,0,0,,
266,2:20.328,35082,N,0,0,0,,
267,2:20.832,35208,N,0,0,0,,
268,2:21.324,35331,N,0,0,0,,
269,2:21.840,35460,N,0,0,0,,
270,2:22.352,35588,N,0,0,0,,
271,2:22.852,35713,N,0,0,0,,
272,2:23.360,35840,N,0,0,0,,
273,2:23.864,35966,N,0,0,0,,
274,2:24.372,36093,N,0,0,0,,
275,2:24.880,36220,N,0,0,0,,
276,2:25.380,36345,N,0,0,0,,
277,2:25.880,36470,N,0,0,0,,
278,2:26.396,36599,N,0,0,0,,
279,2:26.900,36725,N,0,0,0,,
280,2:27.416,36854,N,0,0,0,,
281,2:27.924,36981,N,0,0,0,,
282,2:28.440,37110,N,0,0,0,,
283,2:28.940,37235,N,0,0,0,,
284,2:29.452,37363,N,0,0,0,,
285,2:29.964,37491,N,0,0,0,,
286,2:30.468,37617,N,0,0,0,,
287,2:30.988,37747,N,0,0,0,,
288,2:31.496,37874,N,0,0,0,,
289,2:32.008,38002,N,0,0,0,,
290,2:32.520,38130,N,0,0,0,,
291,2:33.040,38260,N,0,0,0,,
292,2:33.552,38388,N,0,0,0,,
293,2:34.064,38516,N,0,0,0,,
294,2:34.548,38637,N,0,0,0,,
295,2:35.068,38767,N,0,0,0,,
296,2:35.580,38895,N,0,0,0,,
297,2:36.092,39023,N,0,0,0,,
298,2:36.608,39152,N,0,0,0,,
299,2:37.120,39280,N,0,0,0,,
300,2:37.628,39407,N,0,0,0,,
301,2:38.140,39535,N,0,0,0,,
302,2:38.652,39663,N,0,0,0,,
303,2:39.152,39788,N,0,0,0,,
304,2:39.668,39917,N,0,0,0,,
305,2:40.160,40040,N,0,0,0,,
306,2:40.676,40169,N,0,0,0,,
307,2:41.200,40300,N,0,0,0,,
308,2:41.688,40422,N,0,0,0,,
309,2:42.216,40554,N,0,0,0,,
310,2:42.740,40685,N,0,0,0,,
311,2:43.256,40814,N,0,0,0,,
312,2:43.760,40940,N,0,0,0,,
313,2:44.276,41069,N,0,0,0,,
314,2:44.792,41198,N,0,0,0,,
315,2:45.296,41324,N,0,0,0,,
316,2:45.800,41450,N,0,0,0,,
317,2:46.296,41574,N,0,0,0,,
318,2:46.800,41700,N,0,0,0,,
319,2:47.312,41828,N,0,0,0,,
320,2:47.812,41953,N,0,0,0,,
321,2:48.324,42081,N,0,0,0,,
322,2:48.828,42207,N,0,0,0,,
323,2:49.344,42336,N,0,0,0,,
324,2:49.836,42459,N,0,0,0,,
325,2:50.352,42588,N,0,0,0,,
326,2:50.852,42713,N,0,0,0,,
327,2:51.352,42838,N,0,0,0,,
328,2:51.860,42965,N,0,0,0,,
329,2:52.368,43092,N,0,0,0,,
330,2:52.868,43217,N,0,0,0,,
331,2:53.368,43342,N,0,0,0,,
332,2:53.872,43468,N,0,0,0,,
333,2:54.388,43597,N,0,0,0,,
334,2:54.884,43721,N,0,0,0,,
335,2:55.400,43850,N,0,0,0,,
336,2:55.912,43978,N,0,0,0,,
337,2:56.416,44104,N,0,0,0,,
338,2:56.908,44227,N,0,0,0,,
339,2:57.432,44358,N,0,0,0,,
340,2:57.940,44485,N,0,0,0,,
341,2:58.428,44607,N,0,0,0,,
342,2:58.952,44738,N,0,0,0,,
343,2:59.444,44861,N,0,0,0,,
344,2:59.968,44992,N,0,0,0,,
345,3:00.476,45119,N,0,0,0,,
346,3:00.972,45243,N,0,0,0,,
347,3:01.484,45371,N,0,0,0,,
348,3:01.988,45497,N,0,0,0,,
349,3:02.492,45623,N,0,0,0,,
350,3:02.980,45745,N,0,0,0,,
351,3:03.500,45875,N,0,0,0,,
352,3:04.004,46001,N,0,0,0,,
353,3:04.520,46130,N,0,0,0,,
354,3:05.016,46254,N,0,0,0,,
355,3:05.544,46386,N,0,0,0,,
356,3:06.048,46512,N,0,0,0,,
357,3:06.552,46638,N,0,0,0,,
358,3:07.076,46769,N,0,0,0,,
359,3:07.584,46896,N,0,0,0,,
360,3:08.100,47025,N,0,0,0,,
361,3:08.596,47149,N,0,0,0,,
362,3:09.128,47282,N,0,0,0,,
363,3:09.636,47409,N,0,0,0,,
364,3:10.136,47534,N,0,0,0,,
365,3:10.676,47669,N,0,0,0,,
366,3:11.180,47795,N,0,0,0,,
367,3:11.700,47925,N,0,0,0,,
368,3:12.204,48051,N,0,0,0,,
369,3:12.744,48186,N,0,0,0,,
370,3:13.252,48313,N,0,0,0,,
371,3:13.760,48440,N,0,0,0,,
372,3:14.316,48579,N,0,0,0,,
373,3:14.832,48708,N,0,0,0,,
374,3:15.316,48829,N,0,0,0,,
375,3:15.852,48963,N,0,0,0,,
376,3:16.372,49093,N,0,0,0,,
377,3:16.932,49233,N,0,0,0,,
378,3:17.452,49363,N,0,0,0,,
379,3:17.972,49493,N,0,0,0,,
380,3:18.504,49626,N,0,0,0,,
381,3:19.000,49750,N,0,0,0,,
382,3:19.540,49885,N,0,0,0,,
383,3:20.056,50014,N,0,0,0,,
384,3:20.576,50144,N,0,0,0,,
385,3:21.092,50273,N,0,0,0,,
386,3:21.632,50408,N,0,0,0,,
387,3:22.136,50534,N,0,0,0,,
388,3:22.680,50670,N,0,0,0,,
389,3:23.216,50804,N,0,0,0,,
390,3:23.744,50936,N,0,0,0,,
391,3:24.280,51070,N,0,0,0,,
392,3:24.864,51216,N,0,0,0,,
393,3:25.408,51352,N,0,0,0,,
394,3:25.948,51487,N,0,0,0,,
395,3:26.512,51628,N,0,0,0,,
396,3:27.080,51770,N,0,0,0,,
397,3:27.624,51906,N,0,0,0,,
398,3:28.172,52043,N,0,0,0,,
399,3:28.736,52184,N,0,0,0,,
400,3:29.300,52325,N,0,0,0,,
401,3:29.856,52464,N,0,0,0,,
402,3:30.404,52601,N,0,0,0,,
403,3:30.972,52743,N,0,0,0,,
404,3:31.548,52887,N,0,0,0,,
405,3:32.088,53022,N,0,0,0,,
406,3:32.660,53165,N,0,0,0,,
407,3:33.236,53309,N,0,0,0,,
408,3:33.816,53454,N,0,0,0,,
409,3:34.380,53595,N,0,0,0,,
410,3:34.944,53736,N,0,0,0,,
411,3:35.528,53882,N,0,0,0,,
412,3:36.128,54032,N,0,0,0,,
413,3:36.700,54175,N,0,0,0,,
414,3:37.272,54318,N,0,0,0,,
415,3:37.852,54463,N,0,0,0,,
416,3:38.460,54615,N,0,0,0,,
417,3:39.040,54760,N,0,0,0,,
418,3:39.616,54904,N,0,0,0,,
419,3:40.180,55045,N,0,0,0,,
420,3:40.752,55188,N,0,0,0,,
421,3:41.308,55327,N,0,0,0,,
422,3:41.868,55467,N,0,0,0,,
423,3:42.432,55608,N,0,0,0,,
424,3:42.976,55744,N,0,0,0,,
425,3:43.544,55886,N,0,0,0,,
426,3:44.100,56025,N,0,0,0,,
427,3:44.652,56163,N,0,0,0,,
428,3:45.216,56304,N,0,0,0,,
429,3:45.788,56447,N,0,0,0,,
430,3:46.352,56588,N,0,0,0,,
431,3:46.908,56727,N,0,0,0,,
432,3:47.472,56868,N,0,0,0,,
433,3:48.044,57011,N,0,0,0,,
434,3:48.592,57148,N,0,0,0,,
435,3:49.172,57293,N,0,0,0,,
436,3:49.752,57438,N,0,0,0,,
437,3:50.324,57581,N,0,0,0,,
438,3:50.900,57725,N,0,0,0,,
439,3:51.456,57864,N,0,0,0,,
440,3:52.004,58001,N,0,0,0,,
441,3:52.580,58145,N,0,0,0,,
442,3:53.144,58286,N,0,0,0,,
443,3:53.716,58429,N,0,0,0,,
444,3:54.268,58567,N,0,0,0,,
445,3:54.824,58706,N,0,0,0,,
446,3:55.372,58843,N,0,0,0,,
447,3:55.944,58986,N,0,0,0,,
448,3:56.524,59131,N,0,0,0,,
449,3:57.092,59273,N,0,0,0,,
450,3:57.668,59417,N,0,0,0,,
451,3:58.252,59563,N,0,0,0,,
452,3:58.840,59710,N,0,0,0,,
453,3:59.424,59856,N,0,0,0,,
454,4:00.008,60002,N,0,0,0,,
455,4:00.616,60154,N,0,0,0,,
456,4:01.220,60305,N,0,0,0,,
457,4:01.836,60459,N,0,0,0,,
458,4:02.456,60614,N,0,0,0,,
459,4:03.060,60765,N,0,0,0,,
460,4:03.696,60924,N,0,0,0,,
461,4:04.324,61081,N,0,0,0,,
462,4:04.936,61234,N,0,0,0,,
463,4:05.564,61391,N,0,0,0,,
464,4:06.180,61545,N,0,0,0,,
465,4:06.788,61697,N,0,0,0,,
466,4:07.412,61853,N,0,0,0,,
467,4:08.068,62017,N,0,0,0,,
468,4:08.708,62177,N,0,0,0,,
469,4:09.320,62330,N,0,0,0,,
470,4:09.952,62488,N,0,0,0,,
471,4:10.580,62645,N,0,0,0,,
472,4:11.196,62799,N,0,0,0,,
473,4:11.820,62955,N,0,0,0,,
474,4:12.452,63113,N,0,0,0,,
475,4:13.068,63267,N,0,0,0,,
476,4:13.680,63420,N,0,0,0,,
477,4:14.312,63578,N,0,0,0,,
478,4:14.960,63740,N,0,0,0,,
479,4:15.576,63894,N,0,0,0,,
480,4:16.200,64050,N,0,0,0,,
481,4:16.844,64211,N,0,0,0,,
482,4:17.500,64375,N,0,0,0,,
483,4:18.132,64533,N,0,0,0,,
484,4:18.764,64691,N,0,0,0,,
485,4:19.424,64856,N,0,0,0,,
486,4:20.056,65014,N,0,0,0,,
487,4:20.696,65174,N,0,0,0,,
488,4:21.340,65335,N,0,0,0,,
489,4:22.012,65503,N,0,0,0,,
490,4:22.680,65670,N,0,0,0,,
491,4:23.312,65828,N,0,0,0,,
492,4:23.980,65995,N,0,0,0,,
493,4:24.644,66161,N,0,0,0,,
494,4:25.288,66322,N,0,0,0,,
495,4:25.944,66486,N,0,0,0,,
496,4:26.616,66654,N,0,0,0,,
497,4:27.300,66825,N,0,0,0,,
498,4:27.980,66995,N,0,0,0,,
499,4:28.644,67161,N,0,0,0,,
500,4:29.296,67324,N,0,0,0,,
501,4:29.984,67496,N,0,0,0,,
502,4:30.648,67662,N,0,0,0,,
503,4:31.288,67822,N,0,0,0,,
504,4:31.980,67995,N,0,0,0,,
505,4:32.704,68176,N,0,0,0,,
506,4:33.360,68340,N,0,0,0,,
507,4:34.036,68509,N,0,0,0,,
508,4:34.724,68681,N,0,0,0,,
509,4:35.376,68844,N,0,0,0,,
510,4:36.036,69009,N,0,0,0,,
511,4:36.712,69178,N,0,0,0,,
512,4:37.400,69350,N,0,0,0,,
513,4:38.044,69511,N,0,0,0,,
514,4:38.728,69682,N,0,0,0,,
515,4:39.436,69859,N,0,0,0,,
516,4:40.112,70028,N,0,0,0,,
517,4:40.788,70197,N,0,0,0,,
518,4:41.500,70375,N,0,0,0,,
519,4:42.168,70542,N,0,0,0,,
520,4:42.848,70712,N,0,0,0,,
521,4:43.556,70889,N,0,0,0,,
522,4:44.248,71062,N,0,0,0,,
523,4:44.916,71229,N,0,0,0,,
524,4:45.592,71398,N,0,0,0,,
525,4:46.296,71574,N,0,0,0,,
526,4:46.988,71747,N,0,0,0,,
527,4:47.660,71915,N,0,0,0,,
528,4:48.352,72088,N,0,0,0,,
529,4:49.076,72269,N,0,0,0,,
530,4:49.772,72443,N,0,0,0,,
531,4:50.436,72609,N,0,0,0,,
532,4:51.120,72780,N,0,0,0,,
533,4:51.772,72943,N,0,0,0,,
534,4:52.480,73120,N,0,0,0,,
535,4:53.156,73289,N,0,0,0,,
536,4:53.840,73460,N,0,0,0,,
537,4:54.516,73629,N,0,0,0,,
538,4:55.192,73798,N,0,0,0,,
539,4:55.900,73975,N,0,0,0,,
540,4:56.624,74156,N,0,0,0,,
541,4:57.348,74337,N,0,0,0,,
542,4:58.036,74509,N,0,0,0,,
543,4:58.756,74689,N,0,0,0,,
544,4:59.508,74877,N,0,0,0,,
545,5:00.232,75058,N,0,0,0,,
546,5:00.936,75234,N,0,0,0,,
547,5:01.660,75415,N,0,0,0,,
548,5:02.400,75600,N,0,0,0,,
549,5:03.100,75775,N,0,0,0,,
550,5:03.796,75949,N,0,0,0,,
551,5:04.500,76125,N,0,0,0,,
552,5:05.176,76294,N,0,0,0,,
553,5:05.912,76478,N,0,0,0,,
554,5:06.608,76652,N,0,0,0,,
555,5:07.320,76830,N,0,0,0,,
556,5:08.060,77015,N,0,0,0,,
557,5:08.776,77194,N,0,0,0,,
558,5:09.460,77365,N,0,0,0,,
559,5:10.172,77543,N,0,0,0,,
560,5:10.888,77722,N,0,0,0,,
561,5:11.556,77889,N,0,0,0,,
562,5:12.248,78062,N,0,0,0,,
563,5:12.964,78241,N,0,0,0,,
564,5:13.644,78411,N,0,0,0,,
565,5:14.344,78586,N,0,0,0,,
566,5:15.044,78761,N,0,0,0,,
567,5:15.740,78935,N,0,0,0,,
568,5:16.424,79106,N,0,0,0,,
569,5:17.108,79277,N,0,0,0,,
570,5:17.816,79454,N,0,0,0,,
571,5:18.516,79629,N,0,0,0,,
572,5:19.200,79800,N,0,0,0,,
573,5:19.888,79972,N,0,0,0,,
574,5:20.536,80134,N,0,0,0,,
575,5:21.288,80322,N,0,0,0,,
576,5:21.960,80490,N,0,0,0,,
577,5:22.664,80666,N,0,0,0,,
578,5:23.380,80845,N,0,0,0,,
579,5:24.052,81013,N,0,0,0,,
580,5:24.748,81187,N,0,0,0,,
581,5:25.448,81362,N,0,0,0,,
582,5:26.084,81521,N,0,0,0,,
583,5:26.756,81689,N,0,0,0,,
584,5:27.428,81857,N,0,0,0,,
585,5:28.100,82025,N,0,0,0,,
586,5:28.764,82191,N,0,0,0,,
587,5:29.448,82362,N,0,0,0,,
588,5:30.140,82535,N,0,0,0,,
589,5:30.836,82709,N,0,0,0,,
590,5:31.520,82880,N,0,0,0,,
591,5:32.216,83054,N,0,0,0,,
592,5:32.932,83233,N,0,0,0,,
593,5:33.332,83333,V,0,0,0,,
594,5:34.352,83588,N,0,0,0,,
595,5:35.044,83761,N,0,0,0,,
596,5:35.736,83934,N,0,0,0,,
597,5:36.404,84101,N,0,0,0,,
598,5:36.808,84202,V,0,0,0,,
599,5:37.776,84444,N,0,0,0,,
600,5:38.472,84618,N,0,0,0,,
601,5:38.884,84721,V,0,0,0,,
602,5:39.788,84947,N,0,0,0,,
603,5:40.472,85118,N,0,0,0,,
604,5:41.128,85282,N,0,0,0,,
605,5:41.788,85447,N,0,0,0,,
606,5:42.448,85612,N,0,0,0,,
607,5:43.132,85783,N,0,0,0,,
608,5:43.800,85950,N,0,0,0,,
609,5:44.188,86047,V,0,0,0,,
610,5:45.180,86295,N,0,0,0,,
611,5:45.832,86458,N,0,0,0,,
612,5:46.252,86563,V,0,0,0,,
613,5:47.164,86791,N,0,0,0,,
614,5:47.788,86947,N,0,0,0,,
615,5:48.492,87123,N,0,0,0,,
616,5:48.924,87231,V,0,0,0,,
617,5:49.852,87463,N,0,0,0,,
618,5:50.552,87638,N,0,0,0,,
619,5:51.244,87811,N,0,0,0,,
620,5:51.944,87986,N,0,0,0,,
621,5:52.704,88176,N,0,0,0,,
622,5:53.436,88359,N,0,0,0,,
623,5:54.176,88544,N,0,0,0,,
624,5:54.988,88747,N,0,0,0,,
625,5:55.904,88976,N,0,0,0,,
626,5:56.712,89178,N,0,0,0,,
627,5:57.508,89377,N,0,0,0,,
628,5:58.308,89577,N,0,0,0,,
629,5:59.136,89784,N,0,0,0,,
630,5:59.576,89894,V,0,0,0,,
631,6:00.676,90169,N,0,0,0,,
632,6:01.416,90354,N,0,0,0,,
633,6:01.848,90462,V,0,0,0,,
634,6:02.788,90697,N,0,0,0,,
635,6:03.560,90890,N,0,0,0,,
636,6:04.284,91071,N,0,0,0,,
637,6:04.708,91177,V,0,0,0,,
638,6:05.732,91433,N,0,0,0,,
639,6:06.400,91600,N,0,0,0,,
640,6:07.136,91784,N,0,0,0,,
641,6:07.560,91890,V,0,0,0,,
642,6:08.544,92136,N,0,0,0,,
643,6:09.224,92306,N,0,0,0,,
644,6:09.940,92485,N,0,0,0,,
645,6:10.368,92592,V,0,0,0,,
646,6:11.380,92845,N,0,0,0,,
647,6:12.052,93013,N,0,0,0,,
648,6:12.780,93195,N,0,0,0,,
649,6:13.216,93304,V,0,0,0,,
650,6:14.252,93563,N,0,0,0,,
651,6:14.916,93729,N,0,0,0,,
652,6:15.648,93912,N,0,0,0,,
653,6:16.352,94088,N,0,0,0,,
654,6:17.072,94268,N,0,0,0,,
655,6:17.500,94375,V,0,0,0,,
656,6:18.460,94615,N,0,0,0,,
657,6:19.136,94784,N,0,0,0,,
658,6:19.844,94961,N,0,0,0,,
659,6:20.296,95074,V,0,0,0,,
660,6:21.204,95301,N,0,0,0,,
661,6:21.900,95475,N,0,0,0,,
662,6:22.604,95651,N,0,0,0,,
663,6:23.300,95825,N,0,0,0,,
664,6:23.988,95997,N,0,0,0,,
665,6:24.704,96176,N,0,0,0,,
666,6:25.444,96361,N,0,0,0,,
667,6:26.164,96541,N,0,0,0,,
668,6:26.880,96720,N,0,0,0,,
669,6:27.632,96908,N,0,0,0,,
670,6:28.388,97097,N,0,0,0,,
671,6:29.128,97282,N,0,0,0,,
672,6:29.872,97468,N,0,0,0,,
673,6:30.652,97663,N,0,0,0,,
674,6:31.420,97855,N,0,0,0,,
675,6:32.188,98047,N,0,0,0,,
676,6:32.964,98241,N,0,0,0,,
677,6:33.716,98429,N,0,0,0,,
678,6:34.476,98619,N,0,0,0,,
679,6:35.224,98806,N,0,0,0,,
680,6:35.960,98990,N,0,0,0,,
681,6:36.700,99175,N,0,0,0,,
682,6:37.432,99358,N,0,0,0,,
683,6:38.176,99544,N,0,0,0,,
684,6:38.924,99731,N,0,0,0,,
685,6:39.652,99913,N,0,0,0,,
686,6:40.380,100095,N,0,0,0,,
687,6:41.140,100285,N,0,0,0,,
688,6:41.876,100469,N,0,0,0,,
689,6:42.592,100648,N,0,0,0,,
690,6:43.340,100835,N,0,0,0,,
691,6:44.088,101022,N,0,0,0,,
692,6:44.836,101209,N,0,0,0,,
693,6:45.568,101392,N,0,0,0,,
694,6:46.300,101575,N,0,0,0,,
695,6:47.040,101760,N,0,0,0,,
696,6:47.788,101947,N,0,0,0,,
697,6:48.544,102136,N,0,0,0,,
698,6:49.276,102319,N,0,0,0,,
699,6:50.020,102505,N,0,0,0,,
700,6:50.792,102698,N,0,0,0,,
701,6:51.540,102885,N,0,0,0,,
702,6:52.288,103072,N,0,0,0,,
703,6:52.948,103237,N,0,0,0,,
704,6:53.800,103450,N,0,0,0,,
705,6:54.560,103640,N,0,0,0,,
706,6:55.328,103832,N,0,0,0,,
707,6:56.096,104024,N,0,0,0,,
708,6:56.864,104216,N,0,0,0,,
709,6:57.636,104409,N,0,0,0,,
710,6:58.440,104610,N,0,0,0,,
711,6:59.216,104804,N,0,0,0,,
712,6:59.996,104999,N,0,0,0,,
713,7:00.764,105191,N,0,0,0,,
714,7:01.540,105385,N,0,0,0,,
715,7:02.316,105579,N,0,0,0,,
716,7:03.080,105770,N,0,0,0,,
717,7:03.828,105957,N,0,0,0,,
718,7:04.516,106129,N,0,0,0,,
719,7:05.316,106329,N,0,0,0,,
720,7:06.060,106515,N,0,0,0,,
721,7:06.812,106703,N,0,0,0,,
722,7:07.572,106893,N,0,0,0,,
723,7:08.324,107081,N,0,0,0,,
724,7:09.088,107272,N,0,0,0,,
725,7:09.860,107465,N,0,0,0,,
726,7:10.624,107656,N,0,0,0,,
727,7:11.380,107845,N,0,0,0,,
728,7:12.144,108036,N,0,0,0,,
729,7:12.896,108224,N,0,0,0,,
730,7:13.644,108411,N,0,0,0,,
731,7:14.400,108600,N,0,0,0,,
732,7:15.124,108781,N,0,0,0,,
733,7:15.852,108963,N,0,0,0,,
734,7:16.596,109149,N,0,0,0,,
735,7:17.320,109330,N,0,0,0,,
736,7:18.056,109514,N,0,0,0,,
737,7:18.816,109704,N,0,0,0,,
738,7:19.560,109890,N,0,0,0,,
739,7:20.288,110072,N,0,0,0,,
740,7:21.048,110262,N,0,0,0,,
741,7:21.824,110456,N,0,0,0,,
742,7:22.580,110645,N,0,0,0,,
743,7:23.352,110838,N,0,0,0,,
744,7:24.116,111029,N,0,0,0,,
745,7:24.912,111228,N,0,0,0,,
746,7:25.688,111422,N,0,0,0,,
747,7:26.460,111615,N,0,0,0,,
748,7:27.248,111812,N,0,0,0,,
749,7:28.040,112010,N,0,0,0,,
750,7:28.820,112205,N,0,0,0,,
751,7:29.604,112401,N,0,0,0,,
752,7:30.424,112606,N,0,0,0,,
753,7:31.208,112802,N,0,0,0,,
754,7:31.976,112994,N,0,0,0,,
755,7:32.752,113188,N,0,0,0,,
756,7:33.560,113390,N,0,0,0,,
757,7:34.336,113584,N,0,0,0,,
758,7:35.124,113781,N,0,0,0,,
759,7:35.908,113977,N,0,0,0,,
760,7:36.692,114173,N,0,0,0,,
761,7:37.472,114368,N,0,0,0,,
762,7:38.256,114564,N,0,0,0,,
763,7:39.048,114762,N,0,0,0,,
764,7:39.856,114964,N,0,0,0,,
765,7:40.644,115161,N,0,0,0,,
766,7:41.424,115356,N,0,0,0,,
767,7:42.208,115552,N,0,0,0,,
768,7:42.988,115747,N,0,0,0,,
769,7:43.772,115943,N,0,0,0,,
770,7:44.552,116138,N,0,0,0,,
771,7:45.340,116335,N,0,0,0,,
772,7:46.140,116535,N,0,0,0,,
773,7:46.936,116734,N,0,0,0,,
774,7:47.744,116936,N,0,0,0,,
775,7:48.544,117136,N,0,0,0,,
776,7:49.340,117335,N,0,0,0,,
777,7:50.152,117538,N,0,0,0,,
778,7:50.944,117736,N,0,0,0,,
779,7:51.744,117936,N,0,0,0,,
780,7:52.540,118135,N,0,0,0,,
781,7:53.352,118338,N,0,0,0,,
782,7:54.152,118538,N,0,0,0,,
783,7:54.940,118735,N,0,0,0,,
784,7:55.736,118934,N,0,0,0,,
785,7:56.488,119122,N,0,0,0,,
786,7:57.316,119329,N,0,0,0,,
787,7:58.108,119527,N,0,0,0,,
788,7:58.900,119725,N,0,0,0,,
789,7:59.688,119922,N,0,0,0,,
790,8:00.472,120118,N,0,0,0,,
791,8:01.196,120299,N,0,0,0,,
792,8:02.044,120511,N,0,0,0,,
793,8:02.840,120710,N,0,0,0,,
794,8:03.632,120908,N,0,0,0,,
795,8:04.428,121107,N,0,0,0,,
796,8:05.232,121308,N,0,0,0,,
797,8:06.012,121503,N,0,0,0,,
798,8:06.792,121698,N,0,0,0,,
799,8:07.596,121899,N,0,0,0,,
800,8:08.388,122097,N,0,0,0,,
801,8:09.172,122293,N,0,0,0,,
802,8:09.944,122486,N,0,0,0,,
803,8:10.744,122686,N,0,0,0,,
804,8:11.556,122889,N,0,0,0,,
805,8:12.348,123087,N,0,0,0,,
806,8:13.132,123283,N,0,0,0,,
807,8:13.848,123462,N,0,0,0,,
808,8:14.708,123677,N,0,0,0,,
809,8:15.472,123868,N,0,0,0,,
810,8:16.244,124061,N,0,0,0,,
811,8:17.044,124261,N,0,0,0,,
812,8:17.816,124454,N,0,0,0,,
813,8:18.588,124647,N,0,0,0,,
814,8:19.368,124842,N,0,0,0,,
815,8:20.148,125037,N,0,0,0,,
816,8:20.908,125227,N,0,0,0,,
817,8:21.660,125415,N,0,0,0,,
818,8:22.420,125605,N,0,0,0,,
819,8:23.212,125803,N,0,0,0,,
820,8:23.984,125996,N,0,0,0,,
821,8:24.744,126186,N,0,0,0,,
822,8:25.524,126381,N,0,0,0,,
823,8:26.300,126575,N,0,0,0,,
824,8:27.092,126773,N,0,0,0,,
825,8:27.856,126964,N,0,0,0,,
826,8:28.612,127153,N,0,0,0,,
827,8:29.380,127345,N,0,0,0,,
828,8:30.088,127522,N,0,0,0,,
829,8:30.932,127733,N,0,0,0,,
830,8:31.700,127925,N,0,0,0,,
831,8:32.480,128120,N,0,0,0,,
832,8:33.300,128325,N,0,0,0,,
833,8:34.076,128519,N,0,0,0,,
834,8:34.836,128709,N,0,0,0,,
835,8:35.612,128903,N,0,0,0,,
836,8:36.404,129101,N,0,0,0,,
837,8:37.136,129284,N,0,0,0,,
838,8:37.916,129479,N,0,0,0,,
839,8:38.700,129675,N,0,0,0,,
840,8:39.508,129877,N,0,0,0,,
841,8:40.280,130070,N,0,0,0,,
842,8:41.056,130264,N,0,0,0,,
843,8:41.856,130464,N,0,0,0,,
844,8:42.688,130672,N,0,0,0,,
845,8:43.472,130868,N,0,0,0,,
846,8:44.252,131063,N,0,0,0,,
847,8:45.064,131266,N,0,0,0,,
848,8:45.860,131465,N,0,0,0,,
849,8:46.652,131663,N,0,0,0,,
850,8:47.328,131832,N,0,0,0,,
851,8:48.292,132073,N,0,0,0,,
852,8:49.180,132295,N,0,0,0,,
853,8:50.008,132502,N,0,0,0,,
854,8:50.840,132710,N,0,0,0,,
855,8:51.664,132916,N,0,0,0,,
856,8:52.480,133120,N,0,0,0,,
857,8:53.296,133324,N,0,0,0,,
858,8:54.120,133530,N,0,0,0,,
859,8:54.952,133738,N,0,0,0,,
860,8:55.776,133944,N,0,0,0,,
861,8:56.592,134148,N,0,0,0,,
862,8:57.424,134356,N,0,0,0,,
863,8:58.236,134559,N,0,0,0,,
864,8:59.036,134759,N,0,0,0,,
865,8:59.852,134963,N,0,0,0,,
866,9:00.672,135168,N,0,0,0,,
867,9:01.464,135366,N,0,0,0,,
868,9:02.268,135567,N,0,0,0,,
869,9:03.100,135775,N,0,0,0,,
870,9:03.912,135978,N,0,0,0,,
871,9:04.700,136175,N,0,0,0,,
872,9:05.496,136374,N,0,0,0,,
873,9:06.308,136577,N,0,0,0,,
874,9:07.112,136778,N,0,0,0,,
875,9:07.904,136976,N,0,0,0,,
876,9:08.716,137179,N,0,0,0,,
877,9:09.532,137383,N,0,0,0,,
878,9:10.324,137581,N,0,0,0,,
879,9:11.124,137781,N,0,0,0,,
880,9:11.952,137988,N,0,0,0,,
881,9:12.780,138195,N,0,0,0,,
882,9:13.508,138377,N,0,0,0,,
883,9:14.352,138588,N,0,0,0,,
884,9:15.172,138793,N,0,0,0,,
885,9:15.988,138997,N,0,0,0,,
886,9:16.744,139186,N,0,0,0,,
887,9:17.588,139397,N,0,0,0,,
888,9:18.420,139605,N,0,0,0,,
889,9:19.228,139807,N,0,0,0,,
890,9:20.028,140007,N,0,0,0,,
891,9:20.700,140175,S,0,0,0,,
892,9:21.680,140420,N,0,0,0,,
893,9:22.600,140650,N,0,0,0,,
894,9:23.440,140860,N,0,0,0,,
895,9:24.308,141077,N,0,0,0,,
896,9:25.124,141281,N,0,0,0,,
897,9:25.848,141462,N,0,0,0,,
898,9:26.720,141680,N,0,0,0,,
899,9:27.544,141886,N,0,0,0,,
900,9:28.332,142083,N,0,0,0,,
901,9:29.116,142279,N,0,0,0,,
902,9:29.908,142477,N,0,0,0,,
903,9:30.668,142667,N,0,0,0,,
904,9:31.424,142856,N,0,0,0,,
905,9:32.208,143052,N,0,0,0,,
906,9:32.972,143243,N,0,0,0,,
907,9:33.732,143433,N,0,0,0,,
908,9:34.524,143631,N,0,0,0,,
909,9:35.324,143831,N,0,0,0,,
910,9:36.008,144002,N,0,0,0,,
911,9:36.880,144220,N,0,0,0,,
912,9:37.736,144434,N,0,0,0,,
913,9:38.468,144617,N,0,0,0,,
914,9:39.292,144823,N,0,0,0,,
915,9:40.080,145020,N,0,0,0,,
916,9:40.876,145219,N,0,0,0,,
917,9:41.672,145418,N,0,0,0,,
918,9:42.452,145613,N,0,0,0,,
919,9:43.236,145809,N,0,0,0,,
920,9:44.052,146013,N,0,0,0,,
921,9:44.860,146215,N,0,0,0,,
922,9:45.652,146413,N,0,0,0,,
923,9:46.456,146614,N,0,0,0,,
924,9:47.288,146822,N,0,0,0,,
925,9:48.092,147023,N,0,0,0,,
926,9:48.900,147225,N,0,0,0,,
927,9:49.712,147428,N,0,0,0,,
928,9:50.572,147643,N,0,0,0,,
929,9:51.384,147846,N,0,0,0,,
930,9:52.160,148040,N,0,0,0,,
931,9:53.000,148250,N,0,0,0,,
932,9:53.824,148456,N,0,0,0,,
933,9:54.636,148659,N,0,0,0,,
934,9:55.436,148859,N,0,0,0,,
935,9:56.252,149063,N,0,0,0,,
936,9:57.100,149275,N,0,0,0,,
937,9:57.916,149479,N,0,0,0,,
938,9:58.732,149683,N,0,0,0,,
939,9:59.576,149894,N,0,0,0,,
940,10:00.460,150115,N,0,0,0,,
941,10:01.312,150328,N,0,0,0,,
942,10:02.164,150541,N,0,0,0,,
943,10:03.008,150752,N,0,0,0,,
944,10:03.860,150965,N,0,0,0,,
945,10:04.720,151180,N,0,0,0,,
946,10:05.488,151372,N,0,0,0,,
947,10:06.400,151600,N,0,0,0,,
948,10:07.356,151839,N,0,0,0,,
949,10:08.260,152065,N,0,0,0,,
950,10:09.108,152277,N,0,0,0,,
951,10:09.952,152488,N,0,0,0,,
952,10:10.824,152706,N,0,0,0,,
953,10:11.664,152916,N,0,0,0,,
954,10:12.484,153121,N,0,0,0,,
955,10:13.316,153329,N,0,0,0,,
956,10:14.136,153534,N,0,0,0,,
957,10:14.944,153736,N,0,0,0,,
958,10:15.736,153934,N,0,0,0,,
959,10:16.544,154136,N,0,0,0,,
960,10:17.216,154304,S,0,0,0,,
961,10:18.136,154534,N,0,0,0,,
962,10:18.940,154735,N,0,0,0,,
963,10:19.752,154938,N,0,0,0,,
964,10:20.576,155144,N,0,0,0,,
965,10:21.252,155313,S,0,0,0,,
966,10:22.160,155540,N,0,0,0,,
967,10:23.020,155755,N,0,0,0,,
968,10:23.900,155975,N,0,0,0,,
969,10:24.720,156180,N,0,0,0,,
970,10:25.420,156355,S,0,0,0,,
971,10:26.468,156617,N,0,0,0,,
972,10:27.416,156854,N,0,0,0,,
973,10:28.304,157076,N,0,0,0,,
974,10:29.164,157291,N,0,0,0,,
975,10:30.020,157505,N,0,0,0,,
976,10:30.852,157713,N,0,0,0,,
977,10:31.708,157927,N,0,0,0,,
978,10:32.536,158134,N,0,0,0,,
979,10:33.384,158346,N,0,0,0,,
980,10:34.240,158560,N,0,0,0,,
981,10:35.064,158766,N,0,0,0,,
982,10:35.880,158970,N,0,0,0,,
983,10:36.720,159180,N,0,0,0,,
984,10:37.544,159386,N,0,0,0,,
985,10:38.368,159592,N,0,0,0,,
986,10:39.172,159793,N,0,0,0,,
987,10:40.004,160001,N,0,0,0,,
988,10:40.824,160206,N,0,0,0,,
989,10:41.612,160403,N,0,0,0,,
990,10:42.416,160604,N,0,0,0,,
991,10:43.260,160815,N,0,0,0,,
992,10:44.100,161025,N,0,0,0,,
993,10:44.924,161231,N,0,0,0,,
994,10:45.756,161439,N,0,0,0,,
995,10:46.612,161653,N,0,0,0,,
996,10:47.488,161872,N,0,0,0,,
997,10:48.324,162081,N,0,0,0,,
998,10:49.148,162287,N,0,0,0,,
999,10:50.000,162500,N,0,0,0,,
1000,10:50.856,162714,N,0,0,0,,
1001,10:51.688,162922,N,0,0,0,,
1002,10:52.504,163126,N,0,0,0,,
1003,10:53.352,163338,N,0,0,0,,
1004,10:54.200,163550,N,0,0,0,,
1005,10:54.852,163713,S,0,0,0,,
1006,10:55.944,163986,N,0,0,0,,
1007,10:56.896,164224,N,0,0,0,,
1008,10:57.780,164445,N,0,0,0,,
1009,10:58.632,164658,N,0,0,0,,
1010,10:59.484,164871,N,0,0,0,,
1011,11:00.344,165086,N,0,0,0,,
1012,11:01.196,165299,N,0,0,0,,
1013,11:02.020,165505,N,0,0,0,,
1014,11:02.884,165721,N,0,0,0,,
1015,11:03.708,165927,N,0,0,0,,
1016,11:04.560,166140,N,0,0,0,,
1017,11:05.420,166355,N,0,0,0,,
1018,11:06.276,166569,N,0,0,0,,
1019,11:07.124,166781,N,0,0,0,,
1020,11:07.952,166988,N,0,0,0,,
1021,11:08.780,167195,N,0,0,0,,
1022,11:09.636,167409,N,0,0,0,,
1023,11:10.464,167616,N,0,0,0,,
1024,11:11.300,167825,N,0,0,0,,
1025,11:12.144,168036,N,0,0,0,,
1026,11:12.992,168248,N,0,0,0,,
1027,11:13.820,168455,N,0,0,0,,
1028,11:14.636,168659,N,0,0,0,,
1029,11:15.468,168867,N,0,0,0,,
1030,11:16.288,169072,N,0,0,0,,
1031,11:17.084,169271,N,0,0,0,,
1032,11:17.888,169472,N,0,0,0,,
1033,11:18.728,169682,N,0,0,0,,
1034,11:19.544,169886,N,0,0,0,,
1035,11:20.348,170087,N,0,0,0,,
1036,11:21.176,170294,N,0,0,0,,
1037,11:22.024,170506,N,0,0,0,,
1038,11:22.844,170711,N,0,0,0,,
1039,11:23.652,170913,N,0,0,0,,
1040,11:24.476,171119,N,0,0,0,,
1041,11:25.324,171331,N,0,0,0,,
1042,11:26.172,171543,N,0,0,0,,
1043,11:26.996,171749,N,0,0,0,,
1044,11:27.808,171952,N,0,0,0,,
1045,11:28.660,172165,N,0,0,0,,
1046,11:29.500,172375,N,0,0,0,,
1047,11:30.328,172582,N,0,0,0,,
1048,11:31.080,172770,N,0,0,0,,
1049,11:31.996,172999,N,0,0,0,,
1050,11:32.884,173221,N,0,0,0,,
1051,11:33.716,173429,N,0,0,0,,
1052,11:34.568,173642,N,0,0,0,,
1053,11:35.416,173854,N,0,0,0,,
1054,11:36.252,174063,N,0,0,0,,
1055,11:37.080,174270,N,0,0,0,,
1056,11:37.932,174483,N,0,0,0,,
1057,11:38.804,174701,N,0,0,0,,
1058,11:39.640,174910,N,0,0,0,,
1059,11:40.464,175116,N,0,0,0,,
1060,11:41.312,175328,N,0,0,0,,
1061,11:42.180,175545,N,0,0,0,,
1062,11:43.020,175755,N,0,0,0,,
1063,11:43.844,175961,N,0,0,0,,
1064,11:44.680,176170,N,0,0,0,,
1065,11:45.536,176384,N,0,0,0,,
1066,11:46.376,176594,N,0,0,0,,
1067,11:47.200,176800,N,0,0,0,,
1068,11:48.024,177006,N,0,0,0,,
1069,11:48.884,177221,N,0,0,0,,
1070,11:49.728,177432,N,0,0,0,,
1071,11:50.560,177640,N,0,0,0,,
1072,11:51.376,177844,N,0,0,0,,
1073,11:52.224,178056,N,0,0,0,,
1074,11:53.060,178265,N,0,0,0,,
1075,11:53.876,178469,N,0,0,0,,
1076,11:54.680,178670,N,0,0,0,,
1077,11:55.508,178877,N,0,0,0,,
1078,11:56.340,179085,N,0,0,0,,
1079,11:57.180,179295,N,0,0,0,,
1080,11:57.924,179481,N,0,0,0,,
1081,11:58.784,179696,N,0,0,0,,
1082,11:59.632,179908,N,0,0,0,,
1083,12:00.448,180112,N,0,0,0,,
1084,12:01.260,180315,N,0,0,0,,
1085,12:02.016,180504,N,0,0,0,,
1086,12:02.928,180732,N,0,0,0,,
1087,12:03.816,180954,N,0,0,0,,
1088,12:04.612,181153,N,0,0,0,,
1089,12:05.444,181361,N,0,0,0,,
1090,12:06.296,181574,N,0,0,0,,
1091,12:07.124,181781,N,0,0,0,,
1092,12:07.932,181983,N,0,0,0,,
1093,12:08.756,182189,N,0,0,0,,
1094,12:09.600,182400,N,0,0,0,,
1095,12:10.420,182605,N,0,0,0,,
1096,12:11.224,182806,N,0,0,0,,
1097,12:12.036,183009,N,0,0,0,,
1098,12:12.868,183217,N,0,0,0,,
1099,12:13.692,183423,N,0,0,0,,
1100,12:14.508,183627,N,0,0,0,,
1101,12:15.308,183827,N,0,0,0,,
1102,12:16.136,184034,N,0,0,0,,
1103,12:16.980,184245,N,0,0,0,,
1104,12:17.800,184450,N,0,0,0,,
1105,12:18.600,184650,N,0,0,0,,
1106,12:19.436,184859,N,0,0,0,,
1107,12:20.280,185070,N,0,0,0,,
1108,12:21.108,185277,N,0,0,0,,
1109,12:21.916,185479,N,0,0,0,,
1110,12:22.744,185686,N,0,0,0,,
1111,12:23.584,185896,N,0,0,0,,
1112,12:24.424,186106,N,0,0,0,,
1113,12:25.252,186313,N,0,0,0,,
1114,12:26.064,186516,N,0,0,0,,
1115,12:26.912,186728,N,0,0,0,,
1116,12:27.752,186938,N,0,0,0,,
1117,12:28.580,187145,N,0,0,0,,
1118,12:29.384,187346,N,0,0,0,,
1119,12:30.208,187552,N,0,0,0,,
1120,12:31.044,187761,N,0,0,0,,
1121,12:31.860,187965,N,0,0,0,,
1122,12:32.664,188166,N,0,0,0,,
1123,12:33.472,188368,N,0,0,0,,
1124,12:34.316,188579,N,0,0,0,,
1125,12:35.160,188790,N,0,0,0,,
1126,12:35.972,188993,N,0,0,0,,
1127,12:36.780,189195,N,0,0,0,,
1128,12:37.608,189402,N,0,0,0,,
1129,12:38.460,189615,N,0,0,0,,
1130,12:39.280,189820,N,0,0,0,,
1131,12:40.088,190022,N,0,0,0,,
1132,12:40.908,190227,N,0,0,0,,
1133,12:41.756,190439,N,0,0,0,,
1134,12:42.588,190647,N,0,0,0,,
1135,12:43.400,190850,N,0,0,0,,
1136,12:44.232,191058,N,0,0,0,,
1137,12:45.084,191271,N,0,0,0,,
1138,12:45.924,191481,N,0,0,0,,
1139,12:46.752,191688,N,0,0,0,,
1140,12:47.584,191896,N,0,0,0,,
1141,12:48.444,192111,N,0,0,0,,
1142,12:49.312,192328,N,0,0,0,,
1143,12:50.140,192535,N,0,0,0,,
1144,12:50.952,192738,N,0,0,0,,
1145,12:51.816,192954,N,0,0,0,,
1146,12:52.700,193175,N,0,0,0,,
1147,12:53.536,193384,N,0,0,0,,
1148,12:54.328,193582,N,0,0,0,,
1149,12:55.168,193792,N,0,0,0,,
1150,12:56.024,194006,N,0,0,0,,
1151,12:56.856,194214,N,0,0,0,,
1152,12:57.664,194416,N,0,0,0,,
1153,12:58.484,194621,N,0,0,0,,
1154,12:59.340,194835,N,0,0,0,,
1155,13:00.180,195045,N,0,0,0,,
1156,13:01.000,195250,N,0,0,0,,
1157,13:01.836,195459,N,0,0,0,,
1158,13:02.696,195674,N,0,0,0,,
1159,13:03.544,195886,N,0,0,0,,
1160,13:04.372,196093,N,0,0,0,,
1161,13:05.220,196305,N,0,0,0,,
1162,13:06.088,196522,N,0,0,0,,
1163,13:06.956,196739,N,0,0,0,,
1164,13:07.760,196940,N,0,0,0,,
1165,13:08.580,197145,N,0,0,0,,
1166,13:09.416,197354,N,0,0,0,,
1167,13:10.244,197561,N,0,0,0,,
1168,13:11.060,197765,N,0,0,0,,
1169,13:11.872,197968,N,0,0,0,,
1170,13:12.704,198176,N,0,0,0,,
1171,13:13.552,198388,N,0,0,0,,
1172,13:14.372,198593,N,0,0,0,,
1173,13:15.188,198797,N,0,0,0,,
1174,13:15.856,198964,S,0,0,0,,
1175,13:16.896,199224,N,0,0,0,,
1176,13:17.836,199459,N,0,0,0,,
1177,13:18.756,199689,N,0,0,0,,
1178,13:19.636,199909,N,0,0,0,,
1179,13:20.516,200129,N,0,0,0,,
1180,13:21.364,200341,N,0,0,0,,
1181,13:22.200,200550,N,0,0,0,,
1182,13:23.052,200763,N,0,0,0,,
1183,13:23.936,200984,N,0,0,0,,
1184,13:24.632,201158,S,0,0,0,,
1185,13:25.728,201432,N,0,0,0,,
1186,13:26.688,201672,N,0,0,0,,
1187,13:27.644,201911,N,0,0,0,,
1188,13:28.516,202129,N,0,0,0,,
1189,13:29.372,202343,N,0,0,0,,
1190,13:30.244,202561,N,0,0,0,,
1191,13:31.100,202775,N,0,0,0,,
1192,13:31.936,202984,N,0,0,0,,
1193,13:32.760,203190,N,0,0,0,,
1194,13:33.624,203406,N,0,0,0,,
1195,13:34.496,203624,N,0,0,0,,
1196,13:35.340,203835,N,0,0,0,,
1197,13:36.176,204044,N,0,0,0,,
1198,13:37.056,204264,N,0,0,0,,
1199,13:37.916,204479,N,0,0,0,,
1200,13:38.752,204688,N,0,0,0,,
1201,13:39.584,204896,N,0,0,0,,
1202,13:40.308,205077,N,0,0,0,,
1203,13:41.260,205315,N,0,0,0,,
1204,13:42.144,205536,N,0,0,0,,
1205,13:42.988,205747,N,0,0,0,,
1206,13:43.844,205961,N,0,0,0,,
1207,13:44.696,206174,N,0,0,0,,
1208,13:45.444,206361,N,0,0,0,,
1209,13:46.332,206583,N,0,0,0,,
1210,13:47.216,206804,N,0,0,0,,
1211,13:48.060,207015,N,0,0,0,,
1212,13:48.892,207223,N,0,0,0,,
1213,13:49.668,207417,N,0,0,0,,
1214,13:50.572,207643,N,0,0,0,,
1215,13:51.444,207861,N,0,0,0,,
1216,13:52.276,208069,N,0,0,0,,
1217,13:53.108,208277,N,0,0,0,,
1218,13:53.968,208492,N,0,0,0,,
1219,13:54.824,208706,N,0,0,0,,
1220,13:55.652,208913,N,0,0,0,,
1221,13:56.484,209121,N,0,0,0,,
1222,13:57.344,209336,N,0,0,0,,
1223,13:58.208,209552,N,0,0,0,,
1224,13:59.052,209763,N,0,0,0,,
1225,13:59.888,209972,N,0,0,0,,
1226,14:00.732,210183,N,0,0,0,,
1227,14:01.600,210400,N,0,0,0,,
1228,14:02.288,210572,S,0,0,0,,
1229,14:03.288,210822,N,0,0,0,,
1230,14:04.240,211060,N,0,0,0,,
1231,14:05.168,211292,N,0,0,0,,
1232,14:06.044,211511,N,0,0,0,,
1233,14:06.892,211723,N,0,0,0,,
1234,14:07.760,211940,N,0,0,0,,
1235,14:08.480,212120,N,0,0,0,,
1236,14:09.488,212372,N,0,0,0,,
1237,14:10.432,212608,N,0,0,0,,
1238,14:11.208,212802,N,0,0,0,,
1239,14:12.256,213064,N,0,0,0,,
1240,14:13.216,213304,N,0,0,0,,
1241,14:14.120,213530,N,0,0,0,,
1242,14:14.980,213745,N,0,0,0,,
1243,14:15.648,213912,S,0,0,0,,
1244,14:16.716,214179,N,0,0,0,,
1245,14:17.684,214421,N,0,0,0,,
1246,14:18.564,214641,N,0,0,0,,
1247,14:19.472,214868,N,0,0,0,,
1248,14:20.336,215084,N,0,0,0,,
1249,14:21.100,215275,N,0,0,0,,
1250,14:22.044,215511,N,0,0,0,,
1251,14:23.028,215757,N,0,0,0,,
1252,14:23.960,215990,N,0,0,0,,
1253,14:24.844,216211,N,0,0,0,,
1254,14:25.700,216425,N,0,0,0,,
1255,14:26.588,216647,N,0,0,0,,
1256,14:27.224,216806,S,0,0,0,,
1257,14:28.284,217071,N,0,0,0,,
1258,14:29.240,217310,N,0,0,0,,
1259,14:30.152,217538,N,0,0,0,,
1260,14:31.052,217763,N,0,0,0,,
1261,14:31.800,217950,S,0,0,0,,
1262,14:32.856,218214,N,0,0,0,,
1263,14:33.860,218465,N,0,0,0,,
1264,14:34.748,218687,N,0,0,0,,
1265,14:35.676,218919,N,0,0,0,,
1266,14:36.616,219154,N,0,0,0,,
1267,14:37.516,219379,N,0,0,0,,
1268,14:38.408,219602,N,0,0,0,,
1269,14:39.248,219812,N,0,0,0,,
1270,14:40.116,220029,N,0,0,0,,
1271,14:41.008,220252,N,0,0,0,,
1272,14:41.876,220469,N,0,0,0,,
1273,14:42.720,220680,N,0,0,0,,
1274,14:43.580,220895,N,0,0,0,,
1275,14:44.464,221116,N,0,0,0,,
1276,14:45.336,221334,N,0,0,0,,
1277,14:46.180,221545,N,0,0,0,,
1278,14:47.016,221754,N,0,0,0,,
1279,14:47.892,221973,N,0,0,0,,
1280,14:48.764,222191,N,0,0,0,,
1281,14:49.616,222404,N,0,0,0,,
1282,14:50.440,222610,N,0,0,0,,
1283,14:51.320,222830,N,0,0,0,,
1284,14:52.188,223047,N,0,0,0,,
1285,14:53.036,223259,N,0,0,0,,
1286,14:53.868,223467,N,0,0,0,,
1287,14:54.556,223639,S,0,0,0,,
1288,14:55.576,223894,N,0,0,0,,
1289,14:56.516,224129,N,0,0,0,,
1290,14:57.388,224347,N,0,0,0,,
1291,14:58.256,224564,N,0,0,0,,
1292,14:59.136,224784,N,0,0,0,,
1293,14:59.988,224997,N,0,0,0,,
