Peek_Timestamp,RR_Interval
0.3870967741935484,387.09677419354836
1.032258064516129,645.1612903225806
2.0,967.741935483871
2.4516129032258065,451.61290322580646
3.225806451612903,774.1935483870967
4.064516129032258,838.7096774193548
5.096774193548387,1032.258064516129
5.935483870967742,838.7096774193548
6.709677419354839,774.1935483870967
7.67741935483871,967.741935483871
8.580645161290322,903.2258064516129
9.354838709677418,774.1935483870967
10.064516129032256,709.6774193548388
10.838709677419352,774.1935483870967
11.93548387096774,1096.774193548387
13.999999999999998,2064.516129032258
15.548387096774192,1548.3870967741934
16.58064516129032,1032.258064516129
17.61290322580645,1032.258064516129
18.451612903225804,838.7096774193548
19.2258064516129,774.1935483870967
20.32258064516129,1096.774193548387
21.29032258064516,967.741935483871
22.064516129032256,774.1935483870967
22.64516129032258,580.6451612903226
23.677419354838708,1032.258064516129
24.64516129032258,967.741935483871
25.612903225806452,967.741935483871
26.322580645161292,709.6774193548388
27.096774193548388,774.1935483870967
27.935483870967744,838.7096774193548
28.903225806451616,967.741935483871
29.806451612903228,903.2258064516129
30.580645161290324,774.1935483870967
31.35483870967742,774.1935483870967
32.25806451612903,903.2258064516129
33.29032258064516,1032.258064516129
34.193548387096776,903.2258064516129
34.903225806451616,709.6774193548388
35.67741935483871,774.1935483870967
36.70967741935484,1032.258064516129
37.806451612903224,1096.774193548387
38.83870967741935,1032.258064516129
39.61290322580645,774.1935483870967
40.516129032258064,903.2258064516129
41.54838709677419,1032.258064516129
42.516129032258064,967.741935483871
43.29032258064516,774.1935483870967
44.12903225806451,838.7096774193548
44.90322580645161,774.1935483870967
45.61290322580645,709.6774193548388
46.4516129032258,838.7096774193548
47.41935483870967,967.741935483871
48.387096774193544,967.741935483871
49.096774193548384,709.6774193548388
49.93548387096774,838.7096774193548
50.51612903225806,580.6451612903226
51.35483870967741,838.7096774193548
52.19354838709676,838.7096774193548
52.9032258064516,709.6774193548388
53.741935483870954,838.7096774193548
54.64516129032257,903.2258064516129
55.48387096774192,838.7096774193548
56.25806451612902,774.1935483870967
57.09677419354837,838.7096774193548
58.06451612903224,967.741935483871
58.903225806451594,838.7096774193548
59.67741935483869,774.1935483870967
60.38709677419353,709.6774193548388
61.161290322580626,774.1935483870967
62.06451612903224,903.2258064516129
62.903225806451594,838.7096774193548
63.74193548387095,838.7096774193548
64.64516129032256,903.2258064516129
65.41935483870967,774.1935483870967
66.25806451612902,838.7096774193548
67.2258064516129,967.741935483871
67.93548387096773,709.6774193548388
68.70967741935483,774.1935483870967
69.54838709677419,838.7096774193548
70.45161290322581,903.2258064516129
71.29032258064517,838.7096774193548
72.0,709.6774193548388
72.7741935483871,774.1935483870967
73.48387096774194,709.6774193548388
74.12903225806451,645.1612903225806
74.77419354838709,645.1612903225806
75.48387096774192,709.6774193548388
76.25806451612902,774.1935483870967
76.96774193548386,709.6774193548388
77.67741935483869,709.6774193548388
78.5806451612903,903.2258064516129
79.67741935483869,1096.774193548387
80.38709677419352,709.6774193548388
81.16129032258063,774.1935483870967
82.5806451612903,1419.3548387096776
83.35483870967741,774.1935483870967
84.9032258064516,1548.3870967741934
85.6774193548387,774.1935483870967
86.51612903225806,838.7096774193548
87.35483870967742,838.7096774193548
88.19354838709678,838.7096774193548
88.96774193548389,774.1935483870967
89.93548387096776,967.741935483871
90.90322580645163,967.741935483871
91.61290322580646,709.6774193548388
92.3225806451613,709.6774193548388
92.7741935483871,451.61290322580646
93.48387096774194,709.6774193548388
94.12903225806451,645.1612903225806
94.90322580645162,774.1935483870967
95.61290322580645,709.6774193548388
96.38709677419355,774.1935483870967
97.09677419354838,709.6774193548388
97.87096774193549,774.1935483870967
98.64516129032259,774.1935483870967
99.4193548387097,774.1935483870967
100.12903225806453,709.6774193548388
100.83870967741936,709.6774193548388
101.74193548387098,903.2258064516129
102.45161290322581,709.6774193548388
103.16129032258064,709.6774193548388
103.87096774193547,709.6774193548388
104.64516129032258,774.1935483870967
105.29032258064515,645.1612903225806
105.99999999999999,709.6774193548388
106.64516129032256,645.1612903225806
107.3548387096774,709.6774193548388
108.06451612903223,709.6774193548388
108.7096774193548,645.1612903225806
109.41935483870964,709.6774193548388
110.12903225806447,709.6774193548388
110.90322580645157,774.1935483870967
111.67741935483868,774.1935483870967
112.32258064516125,645.1612903225806
113.03225806451609,709.6774193548388
113.87096774193544,838.7096774193548
114.7096774193548,838.7096774193548
115.67741935483868,967.741935483871
116.45161290322578,774.1935483870967
117.22580645161288,774.1935483870967
118.06451612903224,838.7096774193548
119.09677419354837,1032.258064516129
119.87096774193547,774.1935483870967
120.5806451612903,709.6774193548388
121.29032258064514,709.6774193548388
122.38709677419352,1096.774193548387
123.48387096774191,1096.774193548387
124.45161290322578,967.741935483871
125.48387096774191,1032.258064516129
126.12903225806448,645.1612903225806
127.09677419354836,967.741935483871
128.06451612903223,967.741935483871
128.83870967741933,774.1935483870967
129.87096774193546,1032.258064516129
130.83870967741933,967.741935483871
131.61290322580643,774.1935483870967
132.51612903225805,903.2258064516129
133.41935483870967,903.2258064516129
134.19354838709677,774.1935483870967
134.90322580645162,709.6774193548388
135.67741935483872,774.1935483870967
136.58064516129033,903.2258064516129
137.4193548387097,838.7096774193548
138.12903225806454,709.6774193548388
138.9677419354839,838.7096774193548
139.87096774193552,903.2258064516129
140.77419354838713,903.2258064516129
141.54838709677423,774.1935483870967
142.32258064516134,774.1935483870967
143.1612903225807,838.7096774193548
144.00000000000006,838.7096774193548
144.83870967741942,838.7096774193548
145.54838709677426,709.6774193548388
146.2580645161291,709.6774193548388
147.09677419354847,838.7096774193548
147.87096774193557,774.1935483870967
148.64516129032268,774.1935483870967
149.35483870967752,709.6774193548388
150.12903225806463,774.1935483870967
150.90322580645173,774.1935483870967
151.7419354838711,838.7096774193548
152.5161290322582,774.1935483870967
153.16129032258078,645.1612903225806
153.9354838709679,774.1935483870967
154.709677419355,774.1935483870967
155.54838709677435,838.7096774193548
156.2580645161292,709.6774193548388
157.22580645161307,967.741935483871
157.8064516129034,580.6451612903226
158.64516129032276,838.7096774193548
159.48387096774212,838.7096774193548
160.451612903226,967.741935483871
161.09677419354858,645.1612903225806
162.06451612903246,967.741935483871
163.54838709677438,1483.8709677419356
164.451612903226,903.2258064516129
165.2258064516131,774.1935483870967
166.0000000000002,774.1935483870967
166.90322580645181,903.2258064516129
167.67741935483892,774.1935483870967
168.38709677419376,709.6774193548388
169.0967741935486,709.6774193548388
169.87096774193571,774.1935483870967
170.58064516129056,709.6774193548388
171.35483870967767,774.1935483870967
172.12903225806477,774.1935483870967
172.90322580645187,774.1935483870967
173.61290322580672,709.6774193548388
174.32258064516157,709.6774193548388
175.09677419354867,774.1935483870967
175.80645161290352,709.6774193548388
176.58064516129062,774.1935483870967
177.29032258064547,709.6774193548388
178.06451612903257,774.1935483870967
178.83870967741967,774.1935483870967
179.7419354838713,903.2258064516129
180.5161290322584,774.1935483870967
181.22580645161324,709.6774193548388
182.0645161290326,838.7096774193548
182.90322580645196,838.7096774193548
183.93548387096808,1032.258064516129
184.64516129032293,709.6774193548388
185.41935483871003,774.1935483870967
186.32258064516165,903.2258064516129
187.161290322581,838.7096774193548
187.87096774193586,709.6774193548388
188.64516129032296,774.1935483870967
189.48387096774232,838.7096774193548
190.25806451612942,774.1935483870967
191.03225806451653,774.1935483870967
191.87096774193589,838.7096774193548
192.903225806452,1032.258064516129
193.74193548387137,838.7096774193548
194.45161290322622,709.6774193548388
195.29032258064558,838.7096774193548
196.12903225806494,838.7096774193548
196.90322580645204,774.1935483870967
197.6129032258069,709.6774193548388
198.387096774194,774.1935483870967
199.22580645161335,838.7096774193548
200.00000000000045,774.1935483870967
200.77419354838756,774.1935483870967
201.4838709677424,709.6774193548388
202.2580645161295,774.1935483870967
203.09677419354887,838.7096774193548
203.80645161290371,709.6774193548388
204.51612903225856,709.6774193548388
205.29032258064566,774.1935483870967
206.06451612903277,774.1935483870967
206.90322580645213,838.7096774193548
207.67741935483923,774.1935483870967
208.32258064516182,645.1612903225806
209.09677419354892,774.1935483870967
209.87096774193603,774.1935483870967
211.16129032258118,1290.3225806451612
211.74193548387152,580.6451612903226
212.51612903225862,774.1935483870967
213.35483870967798,838.7096774193548
214.2580645161296,903.2258064516129
215.09677419354895,838.7096774193548
215.87096774193606,774.1935483870967
216.70967741935542,838.7096774193548
217.74193548387154,1032.258064516129
218.96774193548444,1225.8064516129032
220.32258064516185,1354.8387096774193
222.06451612903282,1741.9354838709678
222.96774193548444,903.2258064516129
223.74193548387154,774.1935483870967
224.64516129032316,903.2258064516129
225.54838709677477,903.2258064516129
226.51612903225865,967.741935483871
227.29032258064575,774.1935483870967
228.06451612903285,774.1935483870967
228.6451612903232,580.6451612903226
229.48387096774255,838.7096774193548
230.25806451612965,774.1935483870967
231.03225806451675,774.1935483870967
231.80645161290386,774.1935483870967
232.58064516129096,774.1935483870967
233.2903225806458,709.6774193548388
234.0645161290329,774.1935483870967
234.96774193548453,903.2258064516129
235.74193548387163,774.1935483870967
236.51612903225873,774.1935483870967
237.29032258064584,774.1935483870967
238.06451612903294,774.1935483870967
238.83870967742004,774.1935483870967
239.48387096774263,645.1612903225806
240.25806451612974,774.1935483870967
241.0967741935491,838.7096774193548
241.80645161290394,709.6774193548388
242.5161290322588,709.6774193548388
243.2903225806459,774.1935483870967
244.12903225806525,838.7096774193548
244.8387096774201,709.6774193548388
245.6129032258072,774.1935483870967
246.3870967741943,774.1935483870967
247.09677419354915,709.6774193548388
247.87096774193625,774.1935483870967
248.5806451612911,709.6774193548388
249.41935483871046,838.7096774193548
250.19354838709756,774.1935483870967
250.9032258064524,709.6774193548388
251.67741935483951,774.1935483870967
252.45161290322662,774.1935483870967
253.16129032258146,709.6774193548388
253.80645161290406,645.1612903225806
254.58064516129116,774.1935483870967
255.41935483871052,838.7096774193548
256.32258064516213,903.2258064516129
257.0967741935492,774.1935483870967
257.93548387096854,838.7096774193548
258.8387096774201,903.2258064516129
259.7419354838717,903.2258064516129
260.6451612903233,903.2258064516129
261.4193548387104,774.1935483870967
262.2580645161297,838.7096774193548
263.1612903225813,903.2258064516129
264.0000000000006,838.7096774193548
264.96774193548447,967.741935483871
265.61290322580703,645.1612903225806
266.3870967741941,774.1935483870967
267.0967741935489,709.6774193548388
267.93548387096826,838.7096774193548
268.83870967741984,903.2258064516129
269.6129032258069,774.1935483870967
270.387096774194,774.1935483870967
271.16129032258107,774.1935483870967
271.93548387096814,774.1935483870967
272.64516129032296,709.6774193548388
273.3548387096778,709.6774193548388
274.12903225806485,774.1935483870967
274.8387096774197,709.6774193548388
275.61290322580675,774.1935483870967
276.4516129032261,838.7096774193548
277.4193548387099,967.741935483871
278.12903225806474,709.6774193548388
278.9032258064518,774.1935483870967
279.6774193548389,774.1935483870967
280.45161290322596,774.1935483870967
281.22580645161304,774.1935483870967
281.93548387096786,709.6774193548388
282.7741935483872,838.7096774193548
283.6774193548388,903.2258064516129
284.3870967741936,709.6774193548388
285.16129032258067,774.1935483870967
286.0,838.7096774193548
286.83870967741933,838.7096774193548
287.54838709677415,709.6774193548388
288.3225806451612,774.1935483870967
289.03225806451604,709.6774193548388
289.93548387096763,903.2258064516129
290.77419354838696,838.7096774193548
291.54838709677404,774.1935483870967
292.3225806451611,774.1935483870967
293.29032258064495,967.741935483871
294.06451612903203,774.1935483870967
294.8387096774191,774.1935483870967
295.87096774193526,1032.258064516129
296.8387096774191,967.741935483871
297.6129032258062,774.1935483870967
298.4516129032255,838.7096774193548
299.29032258064484,838.7096774193548
300.12903225806417,838.7096774193548
300.90322580645125,774.1935483870967
301.6774193548383,774.1935483870967
302.51612903225765,838.7096774193548
303.354838709677,838.7096774193548
304.12903225806406,774.1935483870967
304.90322580645113,774.1935483870967
305.74193548387046,838.7096774193548
306.51612903225754,774.1935483870967
307.1612903225801,645.1612903225806
307.9354838709672,774.1935483870967
308.645161290322,709.6774193548388
309.41935483870907,774.1935483870967
310.1290322580639,709.6774193548388
310.8387096774187,709.6774193548388
311.6129032258058,774.1935483870967
312.38709677419286,774.1935483870967
313.0967741935477,709.6774193548388
313.8064516129025,709.6774193548388
314.5161290322573,709.6774193548388
315.22580645161213,709.6774193548388
315.9999999999992,774.1935483870967
316.7741935483863,774.1935483870967
317.4838709677411,709.6774193548388
318.1935483870959,709.6774193548388
318.967741935483,774.1935483870967
319.74193548387007,774.1935483870967
320.4516129032249,709.6774193548388
321.22580645161196,774.1935483870967
321.9354838709668,709.6774193548388
322.7741935483861,838.7096774193548
323.5483870967732,774.1935483870967
324.258064516128,709.6774193548388
324.9677419354828,709.6774193548388
325.80645161290215,838.7096774193548
326.6451612903215,838.7096774193548
327.4838709677408,838.7096774193548
328.32258064516014,838.7096774193548
329.03225806451496,709.6774193548388
329.7419354838698,709.6774193548388
330.51612903225686,774.1935483870967
331.3548387096762,838.7096774193548
332.2580645161278,903.2258064516129
333.03225806451485,774.1935483870967
333.74193548386967,709.6774193548388
334.580645161289,838.7096774193548
335.4838709677406,903.2258064516129
336.3225806451599,838.7096774193548
337.03225806451474,709.6774193548388
337.8064516129018,774.1935483870967
338.5806451612889,774.1935483870967
339.35483870967596,774.1935483870967
340.0645161290308,709.6774193548388
340.9032258064501,838.7096774193548
341.6774193548372,774.1935483870967
342.45161290322426,774.1935483870967
343.22580645161133,774.1935483870967
343.9999999999984,774.1935483870967
344.7741935483855,774.1935483870967
345.6129032258048,838.7096774193548
346.64516129032097,1032.258064516129
347.3548387096758,709.6774193548388
347.87096774193384,516.1290322580645
348.6451612903209,774.1935483870967
349.35483870967573,709.6774193548388
350.06451612903055,709.6774193548388
350.77419354838537,709.6774193548388
351.41935483870793,645.1612903225806
352.193548387095,774.1935483870967
353.03225806451434,838.7096774193548
353.74193548386916,709.6774193548388
354.451612903224,709.6774193548388
355.1612903225788,709.6774193548388
355.93548387096587,774.1935483870967
356.6451612903207,709.6774193548388
357.3548387096755,709.6774193548388
358.19354838709484,838.7096774193548
358.9677419354819,774.1935483870967
359.741935483869,774.1935483870967
360.51612903225606,774.1935483870967
361.4838709677399,967.741935483871
362.32258064515923,838.7096774193548
363.0967741935463,774.1935483870967
363.8064516129011,709.6774193548388
364.5806451612882,774.1935483870967
365.41935483870753,838.7096774193548
366.3225806451591,903.2258064516129
367.3548387096753,1032.258064516129
368.12903225806235,774.1935483870967
369.03225806451394,903.2258064516129
369.74193548386876,709.6774193548388
370.51612903225583,774.1935483870967
371.35483870967516,838.7096774193548
372.1935483870945,838.7096774193548
373.0322580645138,838.7096774193548
373.8064516129009,774.1935483870967
374.45161290322346,645.1612903225806
375.4193548387073,967.741935483871
376.3225806451589,903.2258064516129
377.1612903225782,838.7096774193548
377.9354838709653,774.1935483870967
378.7096774193524,774.1935483870967
379.61290322580396,903.2258064516129
380.51612903225555,903.2258064516129
381.41935483870714,903.2258064516129
382.1935483870942,774.1935483870967
382.9677419354813,774.1935483870967
383.99999999999744,1032.258064516129
385.0322580645136,1032.258064516129
386.06451612902976,1032.258064516129
386.96774193548134,903.2258064516129
387.67741935483616,709.6774193548388
388.3225806451587,645.1612903225806
389.0967741935458,774.1935483870967
390.06451612902964,967.741935483871
391.0322580645135,967.741935483871
391.8709677419328,838.7096774193548
392.58064516128763,709.6774193548388
393.6129032258038,1032.258064516129
394.64516129031995,1032.258064516129
395.93548387096513,1290.3225806451612
396.77419354838446,838.7096774193548
397.54838709677153,774.1935483870967
398.1935483870941,645.1612903225806
399.16129032257794,967.741935483871
400.58064516128763,1419.3548387096776
401.3548387096747,774.1935483870967
402.1290322580618,774.1935483870967
402.90322580644886,774.1935483870967
403.8709677419327,967.741935483871
404.90322580644886,1032.258064516129
405.99999999999727,1096.774193548387
407.0322580645134,1032.258064516129
407.8064516129005,774.1935483870967
408.5806451612876,774.1935483870967
409.48387096773916,903.2258064516129
410.3225806451585,838.7096774193548
411.1612903225778,838.7096774193548
411.87096774193265,709.6774193548388
412.6451612903197,774.1935483870967
413.6774193548359,1032.258064516129
414.70967741935203,1032.258064516129
415.4838709677391,774.1935483870967
416.2580645161262,774.1935483870967
417.0967741935455,838.7096774193548
417.93548387096484,838.7096774193548
418.7096774193519,774.1935483870967
419.41935483870674,709.6774193548388
420.25806451612607,838.7096774193548
421.16129032257766,903.2258064516129
422.1290322580615,967.741935483871
423.0322580645131,903.2258064516129
423.80645161290016,774.1935483870967
424.58064516128724,774.1935483870967
425.4838709677388,903.2258064516129
426.45161290322267,967.741935483871
427.4838709677388,1032.258064516129
428.2580645161259,774.1935483870967
428.90322580644846,645.1612903225806
429.7419354838678,838.7096774193548
430.51612903225487,774.1935483870967
431.2258064516097,709.6774193548388
432.064516129029,838.7096774193548
432.90322580644835,838.7096774193548
433.6774193548354,774.1935483870967
434.38709677419024,709.6774193548388
435.1612903225773,774.1935483870967
435.99999999999665,838.7096774193548
436.838709677416,838.7096774193548
437.6774193548353,838.7096774193548
438.3870967741901,709.6774193548388
439.22580645160946,838.7096774193548
440.0645161290288,838.7096774193548
440.83870967741586,774.1935483870967
441.6774193548352,838.7096774193548
442.38709677419,709.6774193548388
443.09677419354483,709.6774193548388
443.7419354838674,645.1612903225806
444.51612903225447,774.1935483870967
445.2258064516093,709.6774193548388
446.0645161290286,838.7096774193548
446.8387096774157,774.1935483870967
447.677419354835,838.7096774193548
448.38709677418984,709.6774193548388
449.1612903225769,774.1935483870967
449.935483870964,774.1935483870967
450.7741935483833,838.7096774193548
451.61290322580265,838.7096774193548
452.38709677418973,774.1935483870967
453.09677419354455,709.6774193548388
453.80645161289937,709.6774193548388
454.70967741935095,903.2258064516129
455.6774193548348,967.741935483871
456.64516129031864,967.741935483871
457.74193548386705,1096.774193548387
458.45161290322187,709.6774193548388
459.1612903225767,709.6774193548388
459.67741935483474,516.1290322580645
460.5806451612863,903.2258064516129
461.54838709677017,967.741935483871
462.516129032254,967.741935483871
463.48387096773786,967.741935483871
464.4516129032217,967.741935483871
465.1612903225765,709.6774193548388
465.99999999999585,838.7096774193548
466.9677419354797,967.741935483871
467.806451612899,838.7096774193548
468.51612903225384,709.6774193548388
469.22580645160866,709.6774193548388
469.9354838709635,709.6774193548388
470.70967741935056,774.1935483870967
471.3548387096731,645.1612903225806
472.06451612902794,709.6774193548388
472.838709677415,774.1935483870967
473.6129032258021,774.1935483870967
474.3225806451569,709.6774193548388
474.96774193547947,645.1612903225806
475.8064516128988,838.7096774193548
476.5806451612859,774.1935483870967
477.35483870967295,774.1935483870967
477.9999999999955,645.1612903225806
478.7741935483826,774.1935483870967
479.54838709676966,774.1935483870967
480.32258064515673,774.1935483870967
481.0967741935438,774.1935483870967
481.8064516128986,709.6774193548388
482.8387096774148,1032.258064516129
483.4193548387051,580.6451612903226
484.45161290322125,1032.258064516129
485.03225806451155,580.6451612903226
485.8064516128986,774.1935483870967
486.51612903225345,709.6774193548388
487.22580645160826,709.6774193548388
487.99999999999534,774.1935483870967
488.7741935483824,774.1935483870967
489.48387096773723,709.6774193548388
490.19354838709205,709.6774193548388
490.9677419354791,774.1935483870967
491.7419354838662,774.1935483870967
492.451612903221,709.6774193548388
493.0967741935436,645.1612903225806
493.8064516128984,709.6774193548388
494.5161290322532,709.6774193548388
495.35483870967255,838.7096774193548
496.1290322580596,774.1935483870967
496.9032258064467,774.1935483870967
497.6129032258015,709.6774193548388
498.3870967741886,774.1935483870967
499.16129032257567,774.1935483870967
499.999999999995,838.7096774193548
500.7096774193498,709.6774193548388
501.41935483870463,709.6774193548388
502.12903225805945,709.6774193548388
502.9032258064465,774.1935483870967
503.61290322580135,709.6774193548388
504.3870967741884,774.1935483870967
505.1612903225755,774.1935483870967
505.93548387096257,774.1935483870967
506.6451612903174,709.6774193548388
507.41935483870446,774.1935483870967
508.1290322580593,709.6774193548388
509.03225806451087,903.2258064516129
509.5483870967689,516.1290322580645
510.322580645156,774.1935483870967
511.0322580645108,709.6774193548388
511.74193548386563,709.6774193548388
512.4516129032205,709.6774193548388
513.1612903225754,709.6774193548388
513.8709677419303,709.6774193548388
514.6451612903173,774.1935483870967
515.6129032258012,967.741935483871
516.3225806451561,709.6774193548388
517.032258064511,709.6774193548388
517.548387096769,516.1290322580645
518.3225806451561,774.1935483870967
519.032258064511,709.6774193548388
519.7419354838659,709.6774193548388
520.5161290322529,774.1935483870967
521.29032258064,774.1935483870967
521.9999999999949,709.6774193548388
522.7096774193498,709.6774193548388
523.4838709677368,774.1935483870967
524.1935483870917,709.6774193548388
524.9032258064466,709.6774193548388
525.6129032258015,709.6774193548388
526.3225806451563,709.6774193548388
527.0967741935434,774.1935483870967
527.9354838709628,838.7096774193548
528.6451612903177,709.6774193548388
529.4193548387047,774.1935483870967
530.1290322580596,709.6774193548388
530.967741935479,838.7096774193548
531.6129032258016,645.1612903225806
532.3225806451564,709.6774193548388
533.0322580645113,709.6774193548388
533.7419354838662,709.6774193548388
534.5161290322533,774.1935483870967
535.2258064516082,709.6774193548388
535.935483870963,709.6774193548388
536.7096774193501,774.1935483870967
537.419354838705,709.6774193548388
538.1290322580599,709.6774193548388
538.8387096774147,709.6774193548388
539.5483870967696,709.6774193548388
540.3225806451567,774.1935483870967
541.0322580645116,709.6774193548388
541.6774193548341,645.1612903225806
542.387096774189,709.6774193548388
543.0967741935439,709.6774193548388
543.8064516128987,709.6774193548388
544.7741935483826,967.741935483871
545.2258064516085,451.61290322580646
545.9999999999956,774.1935483870967
546.7741935483826,774.1935483870967
547.5483870967697,774.1935483870967
548.2580645161246,709.6774193548388
548.9677419354795,709.6774193548388
549.612903225802,645.1612903225806
550.3225806451569,709.6774193548388
551.0322580645118,709.6774193548388
551.8064516128989,774.1935483870967
552.5161290322537,709.6774193548388
553.1612903225763,645.1612903225806
553.8709677419312,709.6774193548388
554.7096774193506,838.7096774193548
555.4838709677376,774.1935483870967
556.322580645157,838.7096774193548
557.1612903225764,838.7096774193548
557.9354838709635,774.1935483870967
558.6451612903184,709.6774193548388
559.4193548387054,774.1935483870967
560.2580645161248,838.7096774193548
560.9677419354797,709.6774193548388
561.6774193548346,709.6774193548388
562.4516129032216,774.1935483870967
563.1612903225765,709.6774193548388
563.8709677419314,709.6774193548388
564.516129032254,645.1612903225806
565.2258064516088,709.6774193548388
565.9354838709637,709.6774193548388
566.5806451612863,645.1612903225806
567.2258064516088,645.1612903225806
567.8709677419314,645.1612903225806
568.5806451612863,709.6774193548388
569.2258064516088,645.1612903225806
569.9354838709637,709.6774193548388
570.6451612903186,709.6774193548388
571.2903225806411,645.1612903225806
571.999999999996,709.6774193548388
572.7096774193509,709.6774193548388
573.4193548387058,709.6774193548388
574.1290322580606,709.6774193548388
574.7741935483832,645.1612903225806
575.4193548387058,645.1612903225806
576.1290322580606,709.6774193548388
576.7741935483832,645.1612903225806
577.4838709677381,709.6774193548388
578.1290322580606,645.1612903225806
578.9032258064477,774.1935483870967
579.6129032258026,709.6774193548388
580.3225806451575,709.6774193548388
581.0322580645123,709.6774193548388
581.7419354838672,709.6774193548388
582.4516129032221,709.6774193548388
583.161290322577,709.6774193548388
583.8709677419318,709.6774193548388
584.5806451612867,709.6774193548388
585.2903225806416,709.6774193548388
586.0645161290287,774.1935483870967
586.8387096774157,774.1935483870967
587.6129032258028,774.1935483870967
588.3225806451577,709.6774193548388
589.0322580645126,709.6774193548388
589.6774193548351,645.1612903225806
590.38709677419,709.6774193548388
591.0967741935449,709.6774193548388
591.870967741932,774.1935483870967
592.645161290319,774.1935483870967
593.3548387096739,709.6774193548388
594.129032258061,774.1935483870967
594.8387096774159,709.6774193548388
595.5483870967707,709.6774193548388
596.3225806451578,774.1935483870967
597.0322580645127,709.6774193548388
597.6774193548353,645.1612903225806
598.3225806451578,645.1612903225806
599.0322580645127,709.6774193548388
599.7419354838676,709.6774193548388
600.7096774193515,967.741935483871
601.2258064516095,516.1290322580645
602.0645161290289,838.7096774193548
602.7741935483838,709.6774193548388
603.6774193548354,903.2258064516129
604.3870967741902,709.6774193548388
604.9032258064483,516.1290322580645
605.6774193548354,774.1935483870967
606.3225806451579,645.1612903225806
606.9677419354805,645.1612903225806
607.6774193548354,709.6774193548388
608.3870967741902,709.6774193548388
609.0967741935451,709.6774193548388
609.8064516129,709.6774193548388
610.5161290322549,709.6774193548388
611.2258064516097,709.6774193548388
611.9999999999968,774.1935483870967
612.6451612903194,645.1612903225806
613.3548387096743,709.6774193548388
614.1935483870936,838.7096774193548
615.4193548387066,1225.8064516129032
616.1935483870936,774.1935483870967
617.1612903225775,967.741935483871
617.8709677419324,709.6774193548388
618.516129032255,645.1612903225806
619.1612903225775,645.1612903225806
619.9999999999969,838.7096774193548
621.0967741935453,1096.774193548387
622.1935483870938,1096.774193548387
623.2258064516099,1032.258064516129
624.516129032255,1290.3225806451612
625.290322580642,774.1935483870967
626.516129032255,1225.8064516129032
627.290322580642,774.1935483870967
628.258064516126,967.741935483871
629.1612903225775,903.2258064516129
630.1935483870936,1032.258064516129
631.290322580642,1096.774193548387
632.1935483870936,903.2258064516129
633.1612903225775,967.741935483871
633.9354838709646,774.1935483870967
634.774193548384,838.7096774193548
635.6129032258034,838.7096774193548
636.5806451612873,967.741935483871
637.5483870967712,967.741935483871
638.7741935483841,1225.8064516129032
640.0645161290292,1290.3225806451612
641.0322580645131,967.741935483871
642.5806451612873,1548.3870967741934
643.8709677419324,1290.3225806451612
644.5806451612873,709.6774193548388
646.1290322580614,1548.3870967741934
646.9677419354808,838.7096774193548
647.9354838709647,967.741935483871
648.9032258064486,967.741935483871
649.8709677419325,967.741935483871
650.7096774193519,838.7096774193548
651.4193548387068,709.6774193548388
652.1935483870939,774.1935483870967
652.967741935481,774.1935483870967
653.8064516129003,838.7096774193548
654.7741935483842,967.741935483871
655.7419354838681,967.741935483871
656.6451612903197,903.2258064516129
657.3548387096746,709.6774193548388
658.1290322580617,774.1935483870967
658.9677419354811,838.7096774193548
659.8709677419326,903.2258064516129
660.7741935483842,903.2258064516129
661.6774193548358,903.2258064516129
662.4516129032229,774.1935483870967
663.1612903225778,709.6774193548388
663.9354838709648,774.1935483870967
664.7096774193519,774.1935483870967
665.6774193548358,967.741935483871
666.5806451612874,903.2258064516129
667.4193548387068,838.7096774193548
668.1935483870939,774.1935483870967
668.967741935481,774.1935483870967
669.8064516129003,838.7096774193548
670.7096774193519,903.2258064516129
671.6774193548358,967.741935483871
672.4516129032229,774.1935483870967
673.1612903225778,709.6774193548388
673.9354838709648,774.1935483870967
674.7741935483842,838.7096774193548
675.6129032258036,838.7096774193548
676.8387096774165,1225.8064516129032
677.4193548387069,580.6451612903226
678.193548387094,774.1935483870967
679.0322580645134,838.7096774193548
679.9999999999973,967.741935483871
680.9677419354812,967.741935483871
681.8709677419328,903.2258064516129
682.6451612903198,774.1935483870967
683.4193548387069,774.1935483870967
684.3225806451585,903.2258064516129
685.6129032258036,1290.3225806451612
686.2580645161262,645.1612903225806
687.0967741935456,838.7096774193548
687.8064516129004,709.6774193548388
688.5161290322553,709.6774193548388
689.4193548387069,903.2258064516129
690.3225806451585,903.2258064516129
691.2903225806424,967.741935483871
692.0645161290295,774.1935483870967
692.8387096774165,774.1935483870967
693.6129032258036,774.1935483870967
694.6451612903197,1032.258064516129
695.8709677419326,1225.8064516129032
696.6451612903197,774.1935483870967
697.3548387096746,709.6774193548388
697.8709677419326,516.1290322580645
698.709677419352,838.7096774193548
699.6129032258036,903.2258064516129
700.3870967741907,774.1935483870967
701.0967741935456,709.6774193548388
702.193548387094,1096.774193548387
703.0967741935456,903.2258064516129
703.8064516129004,709.6774193548388
704.5806451612875,774.1935483870967
705.3548387096746,774.1935483870967
706.193548387094,838.7096774193548
707.1612903225779,967.741935483871
707.9999999999973,838.7096774193548
708.7741935483843,774.1935483870967
709.6129032258037,838.7096774193548
710.5161290322553,903.2258064516129
711.4193548387069,903.2258064516129
712.3225806451585,903.2258064516129
713.0967741935456,774.1935483870967
713.8064516129004,709.6774193548388
714.6451612903198,838.7096774193548
715.5483870967714,903.2258064516129
716.5161290322553,967.741935483871
717.2903225806424,774.1935483870967
718.0645161290295,774.1935483870967
718.9032258064489,838.7096774193548
719.8709677419328,967.741935483871
720.7096774193521,838.7096774193548
721.419354838707,709.6774193548388
722.1935483870941,774.1935483870967
723.0322580645135,838.7096774193548
723.9354838709651,903.2258064516129
724.9677419354812,1032.258064516129
725.677419354836,709.6774193548388
726.4516129032231,774.1935483870967
727.0322580645135,580.6451612903226
727.8709677419329,838.7096774193548
728.64516129032,774.1935483870967
729.3548387096748,709.6774193548388
730.1935483870942,838.7096774193548
731.0322580645136,838.7096774193548
731.8064516129007,774.1935483870967
732.5806451612877,774.1935483870967
733.6129032258038,1032.258064516129
734.64516129032,1032.258064516129
735.6129032258038,967.741935483871
736.7096774193523,1096.774193548387
737.4193548387071,709.6774193548388
738.2580645161265,838.7096774193548
738.9677419354814,709.6774193548388
739.9354838709653,967.741935483871
740.7741935483847,838.7096774193548
741.5483870967718,774.1935483870967
742.5161290322557,967.741935483871
743.4838709677396,967.741935483871
744.4516129032235,967.741935483871
745.2258064516105,774.1935483870967
745.9999999999976,774.1935483870967
746.9032258064492,903.2258064516129
747.8709677419331,967.741935483871
748.7741935483847,903.2258064516129
749.4838709677396,709.6774193548388
750.322580645159,838.7096774193548
751.1612903225783,838.7096774193548
752.1290322580622,967.741935483871
753.0967741935461,967.741935483871
753.8709677419332,774.1935483870967
754.6451612903203,774.1935483870967
755.4193548387074,774.1935483870967
756.3870967741913,967.741935483871
757.3548387096752,967.741935483871
758.3225806451591,967.741935483871
759.0967741935461,774.1935483870967
759.8709677419332,774.1935483870967
760.7096774193526,838.7096774193548
761.6774193548365,967.741935483871
762.5806451612881,903.2258064516129
763.7419354838687,1161.2903225806451
764.4516129032236,709.6774193548388
765.0322580645139,580.6451612903226
765.9354838709655,903.2258064516129
767.1612903225785,1225.8064516129032
767.6774193548365,516.1290322580645
768.4516129032236,774.1935483870967
769.2258064516107,774.1935483870967
770.1290322580622,903.2258064516129
771.0322580645138,903.2258064516129
771.8709677419332,838.7096774193548
772.6451612903203,774.1935483870967
773.4193548387074,774.1935483870967
774.2580645161268,838.7096774193548
775.2258064516107,967.741935483871
775.9999999999977,774.1935483870967
776.7741935483848,774.1935483870967
777.5483870967719,774.1935483870967
778.4516129032235,903.2258064516129
779.354838709675,903.2258064516129
780.3870967741911,1032.258064516129
781.1612903225782,774.1935483870967
781.8064516129008,645.1612903225806
782.7096774193524,903.2258064516129
783.4193548387072,709.6774193548388
784.1290322580621,709.6774193548388
784.9032258064492,774.1935483870967
785.8064516129008,903.2258064516129
786.6451612903202,838.7096774193548
787.4838709677396,838.7096774193548
788.2580645161266,774.1935483870967
789.1612903225782,903.2258064516129
790.1290322580621,967.741935483871
791.1612903225782,1032.258064516129
792.1935483870943,1032.258064516129
792.9677419354814,774.1935483870967
793.870967741933,903.2258064516129
794.7096774193524,838.7096774193548
795.4193548387072,709.6774193548388
795.9999999999976,580.6451612903226
796.9677419354815,967.741935483871
797.9354838709654,967.741935483871
798.7741935483848,838.7096774193548
799.5483870967719,774.1935483870967
800.4516129032235,903.2258064516129
801.4193548387074,967.741935483871
802.322580645159,903.2258064516129
803.096774193546,774.1935483870967
803.8709677419331,774.1935483870967
804.7741935483847,903.2258064516129
805.6774193548363,903.2258064516129
806.4516129032233,774.1935483870967
807.2258064516104,774.1935483870967
808.129032258062,903.2258064516129
809.0322580645136,903.2258064516129
809.9999999999975,967.741935483871
810.7741935483846,774.1935483870967
811.5483870967716,774.1935483870967
812.387096774191,838.7096774193548
813.2258064516104,838.7096774193548
814.129032258062,903.2258064516129
814.8387096774169,709.6774193548388
815.6774193548363,838.7096774193548
816.5806451612879,903.2258064516129
817.4838709677394,903.2258064516129
818.5806451612879,1096.774193548387
819.870967741933,1290.3225806451612
820.7741935483846,903.2258064516129
821.612903225804,838.7096774193548
822.387096774191,774.1935483870967
823.2903225806426,903.2258064516129
824.2580645161265,967.741935483871
825.0322580645136,774.1935483870967
825.870967741933,838.7096774193548
826.7741935483846,903.2258064516129
827.7419354838685,967.741935483871
828.5806451612879,838.7096774193548
829.3548387096749,774.1935483870967
830.129032258062,774.1935483870967
831.0322580645136,903.2258064516129
831.870967741933,838.7096774193548
832.6451612903201,774.1935483870967
833.4838709677394,838.7096774193548
834.3225806451588,838.7096774193548
835.1612903225782,838.7096774193548
835.8709677419331,709.6774193548388
836.7096774193525,838.7096774193548
837.6129032258041,903.2258064516129
838.5161290322557,903.2258064516129
839.2903225806427,774.1935483870967
840.0645161290298,774.1935483870967
840.9032258064492,838.7096774193548
841.7419354838686,838.7096774193548
842.5161290322557,774.1935483870967
843.2258064516105,709.6774193548388
844.0645161290299,838.7096774193548
844.9677419354815,903.2258064516129
845.8709677419331,903.2258064516129
846.9032258064492,1032.258064516129
848.1935483870943,1290.3225806451612
849.0967741935459,903.2258064516129
849.8064516129008,709.6774193548388
850.5161290322557,709.6774193548388
851.4193548387072,903.2258064516129
852.3225806451588,903.2258064516129
853.1612903225782,838.7096774193548
853.8709677419331,709.6774193548388
854.6451612903202,774.1935483870967
855.4838709677396,838.7096774193548
856.322580645159,838.7096774193548
857.096774193546,774.1935483870967
857.8064516129009,709.6774193548388
858.580645161288,774.1935483870967
859.4838709677396,903.2258064516129
860.322580645159,838.7096774193548
861.096774193546,774.1935483870967
861.8709677419331,774.1935483870967
862.6451612903202,774.1935483870967
863.6129032258041,967.741935483871
864.3870967741911,774.1935483870967
865.096774193546,709.6774193548388
865.9354838709654,838.7096774193548
866.838709677417,903.2258064516129
867.7419354838686,903.2258064516129
868.7096774193525,967.741935483871
869.5483870967719,838.7096774193548
870.1935483870944,645.1612903225806
871.0322580645138,838.7096774193548
871.7419354838687,709.6774193548388
872.5806451612881,838.7096774193548
873.4838709677397,903.2258064516129
874.3225806451591,838.7096774193548
875.1612903225785,838.7096774193548
876.1290322580624,967.741935483871
877.1612903225785,1032.258064516129
877.9999999999978,838.7096774193548
878.7741935483849,774.1935483870967
879.548387096772,774.1935483870967
880.3870967741914,838.7096774193548
881.4838709677398,1096.774193548387
882.1935483870947,709.6774193548388
882.774193548385,580.6451612903226
883.6129032258044,838.7096774193548
884.4516129032238,838.7096774193548
885.1612903225787,709.6774193548388
885.9999999999981,838.7096774193548
886.8387096774175,838.7096774193548
887.9999999999981,1161.2903225806451
888.7096774193529,709.6774193548388
889.225806451611,516.1290322580645
890.0645161290304,838.7096774193548
891.0322580645143,967.741935483871
891.8709677419337,838.7096774193548
892.6451612903207,774.1935483870967
893.4838709677401,838.7096774193548
894.451612903224,967.741935483871
895.2903225806434,838.7096774193548
896.0645161290305,774.1935483870967
896.9677419354821,903.2258064516129
897.935483870966,967.741935483871
898.7741935483854,838.7096774193548
899.5483870967724,774.1935483870967
900.3870967741918,838.7096774193548
901.6129032258048,1225.8064516129032
902.2580645161273,645.1612903225806
903.0322580645144,774.1935483870967
903.8064516129015,774.1935483870967
905.0322580645144,1225.8064516129032
905.677419354837,645.1612903225806
906.6451612903209,967.741935483871
907.4193548387079,774.1935483870967
908.193548387095,774.1935483870967
909.0322580645144,838.7096774193548
910.0645161290305,1032.258064516129
910.9032258064499,838.7096774193548
911.7419354838693,838.7096774193548
912.6451612903209,903.2258064516129
913.6129032258048,967.741935483871
914.6451612903209,1032.258064516129
915.4838709677402,838.7096774193548
916.4516129032241,967.741935483871
917.7419354838693,1290.3225806451612
918.4516129032241,709.6774193548388
919.2258064516112,774.1935483870967
919.9999999999983,774.1935483870967
920.9032258064499,903.2258064516129
921.8709677419338,967.741935483871
922.7096774193532,838.7096774193548
923.419354838708,709.6774193548388
924.2580645161274,838.7096774193548
925.2258064516113,967.741935483871
926.1935483870952,967.741935483871
927.0322580645146,838.7096774193548
927.8064516129017,774.1935483870967
928.6451612903211,838.7096774193548
929.612903225805,967.741935483871
930.4516129032244,838.7096774193548
931.1612903225792,709.6774193548388
931.9999999999986,838.7096774193548
932.9032258064502,903.2258064516129
933.8064516129018,903.2258064516129
934.9032258064502,1096.774193548387
935.6774193548373,774.1935483870967
936.3225806451599,645.1612903225806
937.2903225806438,967.741935483871
938.0645161290308,774.1935483870967
938.8387096774179,774.1935483870967
939.9999999999985,1161.2903225806451
940.5806451612889,580.6451612903226
941.4193548387083,838.7096774193548
942.1290322580631,709.6774193548388
942.9032258064502,774.1935483870967
943.7419354838696,838.7096774193548
944.580645161289,838.7096774193548
945.4193548387084,838.7096774193548
946.1935483870955,774.1935483870967
947.096774193547,903.2258064516129
947.9999999999986,903.2258064516129
948.9032258064502,903.2258064516129
949.6129032258051,709.6774193548388
950.4516129032245,838.7096774193548
951.2903225806439,838.7096774193548
952.1290322580633,838.7096774193548
952.9032258064503,774.1935483870967
953.6774193548374,774.1935483870967
954.5161290322568,838.7096774193548
955.4193548387084,903.2258064516129
956.2580645161278,838.7096774193548
957.0322580645148,774.1935483870967
957.8709677419342,838.7096774193548
959.0322580645148,1161.2903225806451
959.8709677419342,838.7096774193548
960.5806451612891,709.6774193548388
961.0967741935472,516.1290322580645
961.8709677419342,774.1935483870967
962.7741935483858,903.2258064516129
963.5483870967729,774.1935483870967
964.2580645161278,709.6774193548388
965.0967741935472,838.7096774193548
965.9999999999987,903.2258064516129
966.8387096774181,838.7096774193548
967.6129032258052,774.1935483870967
968.3870967741923,774.1935483870967
969.2258064516117,838.7096774193548
970.1290322580633,903.2258064516129
970.9032258064503,774.1935483870967
971.6774193548374,774.1935483870967
972.4516129032245,774.1935483870967
973.3548387096761,903.2258064516129
974.1935483870955,838.7096774193548
974.9677419354825,774.1935483870967
975.7419354838696,774.1935483870967
976.6451612903212,903.2258064516129
977.6129032258051,967.741935483871
978.4516129032245,838.7096774193548
979.2258064516116,774.1935483870967
979.9999999999986,774.1935483870967
980.9032258064502,903.2258064516129
981.6774193548373,774.1935483870967
982.4516129032244,774.1935483870967
983.6774193548373,1225.8064516129032
984.3870967741922,709.6774193548388
985.2903225806438,903.2258064516129
986.0645161290308,774.1935483870967
986.8387096774179,774.1935483870967
987.6774193548373,838.7096774193548
988.8387096774179,1161.2903225806451
989.4838709677405,645.1612903225806
990.2580645161275,774.1935483870967
991.0322580645146,774.1935483870967
991.9354838709662,903.2258064516129
993.2258064516113,1290.3225806451612
993.7419354838694,516.1290322580645
994.5161290322565,774.1935483870967
995.2903225806435,774.1935483870967
996.1935483870951,903.2258064516129
997.3548387096757,1161.2903225806451
998.0645161290306,709.6774193548388
998.5806451612887,516.1290322580645
999.4838709677402,903.2258064516129
1000.4516129032241,967.741935483871
1001.2258064516112,774.1935483870967
1001.9999999999983,774.1935483870967
1002.7741935483854,774.1935483870967
1003.677419354837,903.2258064516129
1004.5161290322563,838.7096774193548
1005.2258064516112,709.6774193548388
1006.0645161290306,838.7096774193548
1006.90322580645,838.7096774193548
1007.8064516129016,903.2258064516129
1008.5806451612887,774.1935483870967
1009.3548387096757,774.1935483870967
1010.1290322580628,774.1935483870967
1010.9677419354822,838.7096774193548
1011.9354838709661,967.741935483871
1012.7741935483855,838.7096774193548
1013.5483870967726,774.1935483870967
1014.3225806451596,774.1935483870967
1015.2258064516112,903.2258064516129
1016.4516129032241,1225.8064516129032
1017.7419354838693,1290.3225806451612
1018.5806451612887,838.7096774193548
1019.4838709677402,903.2258064516129
1020.2580645161273,774.1935483870967
1021.0322580645144,774.1935483870967
1021.8709677419338,838.7096774193548
1022.7741935483854,903.2258064516129
1023.6129032258048,838.7096774193548
1024.3225806451596,709.6774193548388
1025.0967741935467,774.1935483870967
1025.8064516129016,709.6774193548388
1026.6451612903209,838.7096774193548
1027.4838709677401,838.7096774193548
1028.193548387095,709.6774193548388
1028.967741935482,774.1935483870967
1029.8709677419338,903.2258064516129
1030.8387096774177,967.741935483871
1031.677419354837,838.7096774193548
1032.3870967741918,709.6774193548388
1033.225806451611,838.7096774193548
1034.1290322580628,903.2258064516129
1035.0322580645145,903.2258064516129
1035.8709677419338,838.7096774193548
1036.709677419353,838.7096774193548
1037.7419354838692,1032.258064516129
1038.709677419353,967.741935483871
1039.4838709677401,774.1935483870967
1040.2580645161272,774.1935483870967
1041.2903225806433,1032.258064516129
1042.3225806451594,1032.258064516129
1043.2903225806433,967.741935483871
1043.9999999999982,709.6774193548388
1044.7741935483853,774.1935483870967
1045.677419354837,903.2258064516129
1046.709677419353,1032.258064516129
1047.677419354837,967.741935483871
1048.451612903224,774.1935483870967
1049.2903225806433,838.7096774193548
1050.2580645161272,967.741935483871
1051.225806451611,967.741935483871
1052.0645161290304,838.7096774193548
1052.8387096774175,774.1935483870967
1053.6774193548367,838.7096774193548
1054.5806451612884,903.2258064516129
1055.6129032258045,1032.258064516129
1056.5806451612884,967.741935483871
1057.2903225806433,709.6774193548388
1058.1290322580626,838.7096774193548
1058.9677419354819,838.7096774193548
1059.8064516129011,838.7096774193548
1060.8387096774172,1032.258064516129
1061.6129032258043,774.1935483870967
1062.258064516127,645.1612903225806
1063.1612903225787,903.2258064516129
1063.999999999998,838.7096774193548
1064.774193548385,774.1935483870967
1065.6129032258043,838.7096774193548
1066.516129032256,903.2258064516129
1067.48387096774,967.741935483871
1068.258064516127,774.1935483870967
1069.032258064514,774.1935483870967
1069.8064516129011,774.1935483870967
1070.774193548385,967.741935483871
1071.6774193548367,903.2258064516129
1072.774193548385,1096.774193548387
1073.48387096774,709.6774193548388
1074.1290322580626,645.1612903225806
1075.0322580645143,903.2258064516129
1075.935483870966,903.2258064516129
1076.6451612903209,709.6774193548388
1077.4838709677401,838.7096774193548
1078.451612903224,967.741935483871
1079.3548387096757,903.2258064516129
1080.0645161290306,709.6774193548388
1080.9032258064499,838.7096774193548
1081.8064516129016,903.2258064516129
1082.6451612903209,838.7096774193548
1083.419354838708,774.1935483870967
1084.1290322580628,709.6774193548388
1084.967741935482,838.7096774193548
1085.8064516129014,838.7096774193548
1086.6451612903206,838.7096774193548
1087.3548387096755,709.6774193548388
1088.1935483870948,838.7096774193548
1089.0967741935465,903.2258064516129
1089.9999999999982,903.2258064516129
1090.8387096774175,838.7096774193548
1091.6129032258045,774.1935483870967
1092.3870967741916,774.1935483870967
1093.1612903225787,774.1935483870967
1093.999999999998,838.7096774193548
1094.8387096774172,838.7096774193548
1095.6129032258043,774.1935483870967
1096.3870967741914,774.1935483870967
1097.2258064516107,838.7096774193548
1098.1290322580624,903.2258064516129
1099.0967741935463,967.741935483871
1099.9354838709655,838.7096774193548
1100.8387096774172,903.2258064516129
1101.8709677419333,1032.258064516129
1102.8387096774172,967.741935483871
1103.6129032258043,774.1935483870967
1104.3870967741914,774.1935483870967
1105.2258064516107,838.7096774193548
1106.2580645161268,1032.258064516129
1107.2258064516107,967.741935483871
1108.2580645161268,1032.258064516129
1109.096774193546,838.7096774193548
1110.1935483870943,1096.774193548387
1111.0322580645136,838.7096774193548
1111.7419354838685,709.6774193548388
1112.6451612903202,903.2258064516129
1113.4193548387072,774.1935483870967
1114.1290322580621,709.6774193548388
1115.0322580645138,903.2258064516129
1115.9999999999977,967.741935483871
1116.9677419354816,967.741935483871
1117.806451612901,838.7096774193548
1118.580645161288,774.1935483870967
1119.354838709675,774.1935483870967
1120.3870967741911,1032.258064516129
1121.4193548387072,1032.258064516129
1122.2580645161265,838.7096774193548
1122.9677419354814,709.6774193548388
1123.8064516129007,838.7096774193548
1124.8387096774168,1032.258064516129
1125.8064516129007,967.741935483871
1126.64516129032,838.7096774193548
1127.419354838707,774.1935483870967
1128.3225806451587,903.2258064516129
1129.2903225806426,967.741935483871
1130.1935483870943,903.2258064516129
1130.9677419354814,774.1935483870967
1131.8064516129007,838.7096774193548
1132.7096774193524,903.2258064516129
1133.6774193548363,967.741935483871
1134.6451612903202,967.741935483871
1135.6774193548363,1032.258064516129
1136.4516129032233,774.1935483870967
1137.2903225806426,838.7096774193548
1137.9999999999975,709.6774193548388
1138.8387096774168,838.7096774193548
1139.6129032258038,774.1935483870967
1140.5806451612877,967.741935483871
1141.6129032258038,1032.258064516129
1142.64516129032,1032.258064516129
1143.419354838707,774.1935483870967
1144.5806451612877,1161.2903225806451
1145.2258064516104,645.1612903225806
1146.1935483870943,967.741935483871
1146.9677419354814,774.1935483870967
1147.8064516129007,838.7096774193548
1148.7741935483846,967.741935483871
1149.7419354838685,967.741935483871
1150.5161290322555,774.1935483870967
1151.3548387096748,838.7096774193548
1152.5806451612877,1225.8064516129032
1153.2258064516104,645.1612903225806
1153.9999999999975,774.1935483870967
1154.8387096774168,838.7096774193548
1155.8064516129007,967.741935483871
1156.8387096774168,1032.258064516129
1157.677419354836,838.7096774193548
1158.4516129032231,774.1935483870967
1159.2258064516102,774.1935483870967
1160.387096774191,1161.2903225806451
1161.419354838707,1032.258064516129
1162.387096774191,967.741935483871
1163.2258064516102,838.7096774193548
1164.193548387094,967.741935483871
1165.2258064516102,1032.258064516129
1166.5161290322553,1290.3225806451612
1167.2903225806424,774.1935483870967
1168.0645161290295,774.1935483870967
1168.7741935483843,709.6774193548388
1169.677419354836,903.2258064516129
1170.5806451612877,903.2258064516129
1171.3548387096748,774.1935483870967
1172.3225806451587,967.741935483871
1173.3548387096748,1032.258064516129
1174.2580645161265,903.2258064516129
1175.0322580645136,774.1935483870967
1175.9354838709653,903.2258064516129
1176.9032258064492,967.741935483871
1177.870967741933,967.741935483871
1178.6451612903202,774.1935483870967
1179.4193548387072,774.1935483870967
1180.322580645159,903.2258064516129
1181.2903225806429,967.741935483871
1182.1290322580621,838.7096774193548
1182.9032258064492,774.1935483870967
1184.06451612903,1161.2903225806451
1184.7096774193526,645.1612903225806
1185.7419354838687,1032.258064516129
1186.580645161288,838.7096774193548
1187.354838709675,774.1935483870967
1188.2580645161268,903.2258064516129
1189.2903225806429,1032.258064516129
1190.2580645161268,967.741935483871
1191.0322580645138,774.1935483870967
1191.870967741933,838.7096774193548
1192.838709677417,967.741935483871
1193.870967741933,1032.258064516129
1194.7741935483848,903.2258064516129
1195.5483870967719,774.1935483870967
1196.3870967741911,838.7096774193548
1197.4193548387072,1032.258064516129
1198.3870967741911,967.741935483871
1199.4838709677394,1096.774193548387
1200.2580645161265,774.1935483870967
1201.0967741935458,838.7096774193548
1201.8709677419329,774.1935483870967
1202.7741935483846,903.2258064516129
1203.5483870967716,774.1935483870967
1204.387096774191,838.7096774193548
1205.3548387096748,967.741935483871
1206.3225806451587,967.741935483871
1207.161290322578,838.7096774193548
1207.935483870965,774.1935483870967
1208.7741935483843,838.7096774193548
1209.7419354838682,967.741935483871
1210.5806451612875,838.7096774193548
1211.3548387096746,774.1935483870967
1212.451612903223,1096.774193548387
1213.0322580645131,580.6451612903226
1213.999999999997,967.741935483871
1214.8387096774163,838.7096774193548
1215.6129032258034,774.1935483870967
1216.3870967741905,774.1935483870967
1217.2903225806422,903.2258064516129
1218.1935483870939,903.2258064516129
1219.1612903225778,967.741935483871
1219.8709677419326,709.6774193548388
1220.6451612903197,774.1935483870967
1221.6129032258036,967.741935483871
1222.5806451612875,967.741935483871
1223.8064516129004,1225.8064516129032
1224.5806451612875,774.1935483870967
1225.3548387096746,774.1935483870967
1226.0645161290295,709.6774193548388
1227.0322580645134,967.741935483871
1227.8709677419326,838.7096774193548
1228.6451612903197,774.1935483870967
1229.5483870967714,903.2258064516129
1230.5806451612875,1032.258064516129
1231.4193548387068,838.7096774193548
1232.1935483870939,774.1935483870967
1233.0322580645131,838.7096774193548
1233.9354838709648,903.2258064516129
1234.967741935481,1032.258064516129
1235.8064516129002,838.7096774193548
1236.6451612903195,838.7096774193548
1237.6129032258034,967.741935483871
1238.5806451612873,967.741935483871
1239.483870967739,903.2258064516129
1240.1935483870939,709.6774193548388
1241.2903225806422,1096.774193548387
1241.8709677419324,580.6451612903226
1242.8387096774163,967.741935483871
1243.6774193548356,838.7096774193548
1244.4516129032227,774.1935483870967
1245.6129032258034,1161.2903225806451
1246.3225806451583,709.6774193548388
1247.2903225806422,967.741935483871
1248.0645161290292,774.1935483870967
1248.8387096774163,774.1935483870967
1249.741935483868,903.2258064516129
1250.709677419352,967.741935483871
1251.5483870967712,838.7096774193548
1252.3225806451583,774.1935483870967
1253.1612903225775,838.7096774193548
1254.0645161290292,903.2258064516129
1254.967741935481,903.2258064516129
1255.741935483868,774.1935483870967
1256.8387096774163,1096.774193548387
1257.4193548387066,580.6451612903226
1258.3870967741905,967.741935483871
1259.1612903225775,774.1935483870967
1260.1935483870936,1032.258064516129
1260.9677419354807,774.1935483870967
1261.6774193548356,709.6774193548388
1262.6451612903195,967.741935483871
1263.5483870967712,903.2258064516129
1264.3225806451583,774.1935483870967
1265.1612903225775,838.7096774193548
1266.1935483870936,1032.258064516129
1267.2258064516097,1032.258064516129
1268.4516129032227,1225.8064516129032
1269.2258064516097,774.1935483870967
1269.8064516129,580.6451612903226
1270.838709677416,1032.258064516129
1271.8709677419322,1032.258064516129
1272.838709677416,967.741935483871
1273.6774193548354,838.7096774193548
1274.4516129032224,774.1935483870967
1275.3548387096741,903.2258064516129
1276.322580645158,967.741935483871
1277.3548387096741,1032.258064516129
1278.2580645161258,903.2258064516129
1279.032258064513,774.1935483870967
1280.1935483870936,1161.2903225806451
1281.2258064516097,1032.258064516129
1282.1935483870936,967.741935483871
1282.9677419354807,774.1935483870967
1284.064516129029,1096.774193548387
1284.774193548384,709.6774193548388
1285.8064516129,1032.258064516129
1286.580645161287,774.1935483870967
1287.4193548387063,838.7096774193548
1288.3870967741902,967.741935483871
1289.4193548387063,1032.258064516129
1290.322580645158,903.2258064516129
1291.0967741935451,774.1935483870967
1291.9999999999968,903.2258064516129
1292.9032258064485,903.2258064516129
1293.8709677419324,967.741935483871
1294.6451612903195,774.1935483870967
1295.4193548387066,774.1935483870967
1296.3225806451583,903.2258064516129
1297.22580645161,903.2258064516129
1298.1935483870939,967.741935483871
1298.967741935481,774.1935483870967
1299.8064516129002,838.7096774193548
1300.7741935483841,967.741935483871
1301.741935483868,967.741935483871
1302.5806451612873,838.7096774193548
1303.6129032258034,1032.258064516129
1304.4516129032227,838.7096774193548
1305.0967741935453,645.1612903225806
1305.999999999997,903.2258064516129
1306.7741935483841,774.1935483870967
1307.6774193548358,903.2258064516129
1308.709677419352,1032.258064516129
1309.741935483868,1032.258064516129
1310.5806451612873,838.7096774193548
1311.6774193548356,1096.774193548387
1312.5806451612873,903.2258064516129
1313.3548387096744,774.1935483870967
1314.3225806451583,967.741935483871
1315.0967741935453,774.1935483870967
1315.8709677419324,774.1935483870967
1317.0967741935453,1225.8064516129032
1317.8709677419324,774.1935483870967
1318.8387096774163,967.741935483871
1319.6129032258034,774.1935483870967
1320.6451612903195,1032.258064516129
1321.7419354838678,1096.774193548387
1322.7096774193517,967.741935483871
1323.548387096771,838.7096774193548
1324.322580645158,774.1935483870967
1325.2258064516097,903.2258064516129
1326.322580645158,1096.774193548387
1327.3548387096741,1032.258064516129
1328.322580645158,967.741935483871
1329.0967741935451,774.1935483870967
1329.9354838709644,838.7096774193548
1330.9032258064483,967.741935483871
1331.9354838709644,1032.258064516129
1332.9677419354805,1032.258064516129
1333.8064516128998,838.7096774193548
1334.5161290322546,709.6774193548388
1335.612903225803,1096.774193548387
1336.2580645161256,645.1612903225806
1337.2903225806417,1032.258064516129
1338.3225806451578,1032.258064516129
1339.096774193545,774.1935483870967
1339.9354838709642,838.7096774193548
1340.7741935483834,838.7096774193548
1341.7419354838673,967.741935483871
1342.7096774193512,967.741935483871
1343.4838709677383,774.1935483870967
1344.3225806451576,838.7096774193548
1345.2258064516093,903.2258064516129
1346.1935483870932,967.741935483871
1346.9677419354803,774.1935483870967
1347.7419354838673,774.1935483870967
1348.7741935483834,1032.258064516129
1349.8064516128995,1032.258064516129
1350.7096774193512,903.2258064516129
1351.4838709677383,774.1935483870967
1352.2580645161254,774.1935483870967
1353.161290322577,903.2258064516129
1354.129032258061,967.741935483871
1354.903225806448,774.1935483870967
1355.7419354838673,838.7096774193548
1356.5806451612866,838.7096774193548
1357.5483870967705,967.741935483871
1358.3225806451576,774.1935483870967
1359.1612903225769,838.7096774193548
1359.9999999999961,838.7096774193548
1360.96774193548,967.741935483871
1361.935483870964,967.741935483871
1362.709677419351,774.1935483870967
1363.6129032258027,903.2258064516129
1364.5806451612866,967.741935483871
1365.6129032258027,1032.258064516129
1366.451612903222,838.7096774193548
1367.225806451609,774.1935483870967
1368.193548387093,967.741935483871
1369.1612903225769,967.741935483871
1370.0645161290286,903.2258064516129
1371.1612903225769,1096.774193548387
1371.741935483867,580.6451612903226
1372.709677419351,967.741935483871
1373.741935483867,1032.258064516129
1374.5806451612864,838.7096774193548
1375.3548387096735,774.1935483870967
1376.5806451612864,1225.8064516129032
1377.2903225806413,709.6774193548388
1378.2580645161252,967.741935483871
1379.0322580645122,774.1935483870967
1379.8709677419315,838.7096774193548
1380.7741935483832,903.2258064516129
1381.741935483867,967.741935483871
1382.5806451612864,838.7096774193548
1383.3548387096735,774.1935483870967
1384.1290322580605,774.1935483870967
1385.0322580645122,903.2258064516129
1385.9999999999961,967.741935483871
1386.9032258064478,903.2258064516129
1387.677419354835,774.1935483870967
1388.5161290322542,838.7096774193548
1389.4193548387059,903.2258064516129
1390.3225806451576,903.2258064516129
1391.2258064516093,903.2258064516129
1392.0645161290286,838.7096774193548
1393.0322580645125,967.741935483871
1393.9999999999964,967.741935483871
1394.8387096774156,838.7096774193548
1395.8709677419317,1032.258064516129
1396.6451612903188,774.1935483870967
1397.225806451609,580.6451612903226
1398.1290322580608,903.2258064516129
1398.9032258064478,774.1935483870967
1399.6129032258027,709.6774193548388
1400.5161290322544,903.2258064516129
1401.4838709677383,967.741935483871
1402.4516129032222,967.741935483871
1403.2258064516093,774.1935483870967
1404.0645161290286,838.7096774193548
1404.9677419354803,903.2258064516129
1405.870967741932,903.2258064516129
1406.645161290319,774.1935483870967
1407.354838709674,709.6774193548388
1408.1935483870932,838.7096774193548
1409.161290322577,967.741935483871
1410.1935483870932,1032.258064516129
1410.9677419354803,774.1935483870967
1412.129032258061,1161.2903225806451
1412.8387096774159,709.6774193548388
1413.870967741932,1032.258064516129
1414.7741935483837,903.2258064516129
1415.4838709677385,709.6774193548388
1416.3225806451578,838.7096774193548
1417.354838709674,1032.258064516129
1418.4516129032222,1096.774193548387
1419.4838709677383,1032.258064516129
1420.2580645161254,774.1935483870967
1421.161290322577,903.2258064516129
1422.2580645161254,1096.774193548387
1423.2903225806415,1032.258064516129
1424.2580645161254,967.741935483871
1425.0967741935447,838.7096774193548
1426.1290322580608,1032.258064516129
1427.1612903225769,1032.258064516129
1428.193548387093,1032.258064516129
1429.1612903225769,967.741935483871
1429.9999999999961,838.7096774193548
1431.0967741935444,1096.774193548387
1432.1290322580605,1032.258064516129
1433.1612903225766,1032.258064516129
1433.9354838709637,774.1935483870967
1434.8387096774154,903.2258064516129
1435.9354838709637,1096.774193548387
1437.032258064512,1096.774193548387
1437.9354838709637,903.2258064516129
1438.7096774193508,774.1935483870967
1439.54838709677,838.7096774193548
1440.5806451612862,1032.258064516129
1441.54838709677,967.741935483871
1442.3870967741893,838.7096774193548
1443.1612903225764,774.1935483870967
1443.9354838709635,774.1935483870967
1444.9032258064474,967.741935483871
1445.9354838709635,1032.258064516129
1446.7741935483828,838.7096774193548
1447.5483870967698,774.1935483870967
1448.4516129032215,903.2258064516129
1449.4193548387054,967.741935483871
1450.4516129032215,1032.258064516129
1451.2903225806408,838.7096774193548
1452.2580645161247,967.741935483871
1453.2903225806408,1032.258064516129
1454.5161290322537,1225.8064516129032
1455.2903225806408,774.1935483870967
1456.12903225806,838.7096774193548
1456.7741935483828,645.1612903225806
1457.870967741931,1096.774193548387
1458.7096774193503,838.7096774193548
1459.612903225802,903.2258064516129
1460.9032258064472,1290.3225806451612
1461.5483870967698,645.1612903225806
1462.2580645161247,709.6774193548388
1463.0322580645118,774.1935483870967
1463.9354838709635,903.2258064516129
1464.9677419354796,1032.258064516129
1465.9354838709635,967.741935483871
1466.7741935483828,838.7096774193548
1467.8064516128989,1032.258064516129
1468.9032258064472,1096.774193548387
1469.7419354838664,838.7096774193548
1470.5806451612857,838.7096774193548
1471.677419354834,1096.774193548387
1472.70967741935,1032.258064516129
1473.8709677419308,1161.2903225806451
1475.0967741935438,1225.8064516129032
1475.9999999999955,903.2258064516129
1476.9677419354794,967.741935483871
1477.9354838709633,967.741935483871
1478.7096774193503,774.1935483870967
1479.8064516128986,1096.774193548387
1480.903225806447,1096.774193548387
1481.8709677419308,967.741935483871
1482.70967741935,838.7096774193548
1483.4838709677372,774.1935483870967
1484.5161290322533,1032.258064516129
1485.6129032258016,1096.774193548387
1486.5806451612855,967.741935483871
1487.3548387096725,774.1935483870967
1488.1935483870918,838.7096774193548
1489.2903225806401,1096.774193548387
1490.3870967741884,1096.774193548387
1491.7419354838657,1354.8387096774193
1492.580645161285,838.7096774193548
1493.29032258064,709.6774193548388
1493.8709677419301,580.6451612903226
1494.9032258064462,1032.258064516129
1495.9354838709623,1032.258064516129
1496.7741935483816,838.7096774193548
1497.7419354838655,967.741935483871
1498.9032258064462,1161.2903225806451
1499.9354838709623,1032.258064516129
1500.838709677414,903.2258064516129
1501.9354838709623,1096.774193548387
1502.9677419354784,1032.258064516129
1503.8709677419301,903.2258064516129
1504.6451612903172,774.1935483870967
1505.548387096769,903.2258064516129
1506.6451612903172,1096.774193548387
1507.7419354838655,1096.774193548387
1508.7741935483816,1032.258064516129
1509.612903225801,838.7096774193548
1510.903225806446,1290.3225806451612
1511.677419354833,774.1935483870967
1512.8387096774138,1161.2903225806451
1513.9354838709621,1096.774193548387
1514.7096774193492,774.1935483870967
1515.677419354833,967.741935483871
1516.7096774193492,1032.258064516129
1517.419354838704,709.6774193548388
1518.129032258059,709.6774193548388
1518.8387096774138,709.6774193548388
1520.0645161290267,1225.8064516129032
1521.2258064516075,1161.2903225806451
1522.2580645161236,1032.258064516129
1523.2258064516075,967.741935483871
1523.9999999999945,774.1935483870967
1524.7741935483816,774.1935483870967
1525.4838709677365,709.6774193548388
